game_id,date,home_team,away_team,home_score,away_score,sport,league,competition_type,neutral_site
m1,2023-01-05,Iran,USA,1,3,soccer,international,qualifier,0
m2,2023-01-06,Iran,France,2,2,soccer,international,friendly,0
m3,2023-01-07,Iran,South Korea,2,2,soccer,international,league,0
m4,2023-01-08,Iran,Brazil,3,2,soccer,international,tournament,1
m5,2023-01-09,Iran,Spain,1,4,soccer,international,qualifier,0
m6,2023-01-10,Iran,Croatia,1,2,soccer,international,qualifier,0
m7,2023-01-11,Iran,Mexico,3,2,soccer,international,friendly,0
m8,2023-01-12,Iran,Argentina,2,0,soccer,international,league,0
m9,2023-01-13,Iran,Tunisia,0,2,soccer,international,tournament,1
m10,2023-01-14,Iran,Nigeria,2,1,soccer,international,qualifier,0
m11,2023-01-14,Iran,Japan,3,2,soccer,international,qualifier,0
m12,2023-01-15,USA,France,1,2,soccer,international,friendly,0
m13,2023-01-16,USA,South Korea,1,1,soccer,international,league,0
m14,2023-01-17,USA,Brazil,2,6,soccer,international,tournament,1
m15,2023-01-18,USA,Spain,1,4,soccer,international,qualifier,0
m16,2023-01-19,USA,Croatia,0,1,soccer,international,qualifier,0
m17,2023-01-20,USA,Mexico,2,4,soccer,international,friendly,0
m18,2023-01-21,USA,Argentina,2,4,soccer,international,league,0
m19,2023-01-22,USA,Tunisia,1,0,soccer,international,tournament,1
m20,2023-01-23,USA,Nigeria,1,0,soccer,international,qualifier,0
m21,2023-01-23,USA,Japan,2,3,soccer,international,qualifier,0
m22,2023-01-24,France,South Korea,3,3,soccer,international,friendly,0
m23,2023-01-25,France,Brazil,3,0,soccer,international,league,0
m24,2023-01-26,France,Spain,2,0,soccer,international,tournament,1
m25,2023-01-27,France,Croatia,1,0,soccer,international,qualifier,0
m26,2023-01-28,France,Mexico,0,2,soccer,international,qualifier,0
m27,2023-01-29,France,Argentina,1,4,soccer,international,friendly,0
m28,2023-01-30,France,Tunisia,7,0,soccer,international,league,0
m29,2023-01-31,France,Nigeria,1,1,soccer,international,tournament,1
m30,2023-02-01,France,Japan,1,1,soccer,international,qualifier,0
m31,2023-02-01,South Korea,Brazil,1,3,soccer,international,qualifier,0
m32,2023-02-02,South Korea,Spain,1,1,soccer,international,friendly,0
m33,2023-02-03,South Korea,Croatia,2,1,soccer,international,league,0
m34,2023-02-04,South Korea,Mexico,1,2,soccer,international,tournament,1
m35,2023-02-05,South Korea,Argentina,3,4,soccer,international,qualifier,0
m36,2023-02-06,South Korea,Tunisia,2,3,soccer,international,qualifier,0
m37,2023-02-07,South Korea,Nigeria,0,4,soccer,international,friendly,0
m38,2023-02-08,South Korea,Japan,1,1,soccer,international,league,0
m39,2023-02-09,Brazil,Spain,3,3,soccer,international,tournament,1
m40,2023-02-10,Brazil,Croatia,3,1,soccer,international,qualifier,0
m41,2023-02-10,Brazil,Mexico,4,1,soccer,international,qualifier,0
m42,2023-02-11,Brazil,Argentina,4,1,soccer,international,friendly,0
m43,2023-02-12,Brazil,Tunisia,2,3,soccer,international,league,0
m44,2023-02-13,Brazil,Nigeria,2,0,soccer,international,tournament,1
m45,2023-02-14,Brazil,Japan,4,3,soccer,international,qualifier,0
m46,2023-02-15,Spain,Croatia,3,2,soccer,international,qualifier,0
m47,2023-02-16,Spain,Mexico,3,0,soccer,international,friendly,0
m48,2023-02-17,Spain,Argentina,4,1,soccer,international,league,0
m49,2023-02-18,Spain,Tunisia,1,0,soccer,international,tournament,1
m50,2023-02-19,Spain,Nigeria,2,0,soccer,international,qualifier,0
m51,2023-02-19,Spain,Japan,4,1,soccer,international,qualifier,0
m52,2023-02-20,Croatia,Mexico,4,4,soccer,international,friendly,0
m53,2023-02-21,Croatia,Argentina,0,2,soccer,international,league,0
m54,2023-02-22,Croatia,Tunisia,3,1,soccer,international,tournament,1
m55,2023-02-23,Croatia,Nigeria,1,0,soccer,international,qualifier,0
m56,2023-02-24,Croatia,Japan,4,1,soccer,international,qualifier,0
m57,2023-02-25,Mexico,Argentina,1,2,soccer,international,friendly,0
m58,2023-02-26,Mexico,Tunisia,4,2,soccer,international,league,0
m59,2023-02-27,Mexico,Nigeria,1,1,soccer,international,tournament,1
m60,2023-02-28,Mexico,Japan,3,2,soccer,international,qualifier,0
m61,2023-02-28,Argentina,Tunisia,2,3,soccer,international,qualifier,0
m62,2023-03-01,Argentina,Nigeria,1,1,soccer,international,friendly,0
m63,2023-03-02,Argentina,Japan,2,0,soccer,international,league,0
m64,2023-03-03,Tunisia,Nigeria,1,2,soccer,international,tournament,1
m65,2023-03-04,Tunisia,Japan,2,2,soccer,international,qualifier,0
m66,2023-03-05,Nigeria,Japan,4,2,soccer,international,qualifier,0
m67,2023-03-06,Brazil,USA,0,1,soccer,international,friendly,0
m68,2023-03-07,Brazil,Tunisia,1,1,soccer,international,league,0
m69,2023-03-08,Brazil,Argentina,0,9,soccer,international,tournament,1
m70,2023-03-09,Brazil,France,5,2,soccer,international,qualifier,0
m71,2023-03-09,Brazil,Mexico,3,1,soccer,international,qualifier,0
m72,2023-03-10,Brazil,Croatia,3,0,soccer,international,friendly,0
m73,2023-03-11,Brazil,Iran,4,0,soccer,international,league,0
m74,2023-03-12,Brazil,Nigeria,4,3,soccer,international,tournament,1
m75,2023-03-13,Brazil,South Korea,4,1,soccer,international,qualifier,0
m76,2023-03-14,Brazil,Spain,4,3,soccer,international,qualifier,0
m77,2023-03-15,Brazil,Japan,1,1,soccer,international,friendly,0
m78,2023-03-16,USA,Tunisia,4,1,soccer,international,league,0
m79,2023-03-17,USA,Argentina,2,2,soccer,international,tournament,1
m80,2023-03-18,USA,France,3,6,soccer,international,qualifier,0
m81,2023-03-18,USA,Mexico,3,0,soccer,international,qualifier,0
m82,2023-03-19,USA,Croatia,1,3,soccer,international,friendly,0
m83,2023-03-20,USA,Iran,1,0,soccer,international,league,0
m84,2023-03-21,USA,Nigeria,3,2,soccer,international,tournament,1
m85,2023-03-22,USA,South Korea,0,0,soccer,international,qualifier,0
m86,2023-03-23,USA,Spain,0,2,soccer,international,qualifier,0
m87,2023-03-24,USA,Japan,2,2,soccer,international,friendly,0
m88,2023-03-25,Tunisia,Argentina,2,2,soccer,international,league,0
m89,2023-03-26,Tunisia,France,1,5,soccer,international,tournament,1
m90,2023-03-27,Tunisia,Mexico,2,4,soccer,international,qualifier,0
m91,2023-03-27,Tunisia,Croatia,1,2,soccer,international,qualifier,0
m92,2023-03-28,Tunisia,Iran,1,3,soccer,international,friendly,0
m93,2023-03-29,Tunisia,Nigeria,1,2,soccer,international,league,0
m94,2023-03-30,Tunisia,South Korea,2,2,soccer,international,tournament,1
m95,2023-03-31,Tunisia,Spain,1,1,soccer,international,qualifier,0
m96,2023-04-01,Tunisia,Japan,3,3,soccer,international,qualifier,0
m97,2023-04-02,Argentina,France,2,2,soccer,international,friendly,0
m98,2023-04-03,Argentina,Mexico,0,1,soccer,international,league,0
m99,2023-04-04,Argentina,Croatia,2,2,soccer,international,tournament,1
m100,2023-04-05,Argentina,Iran,1,1,soccer,international,qualifier,0
m101,2023-04-05,Argentina,Nigeria,6,0,soccer,international,qualifier,0
m102,2023-04-06,Argentina,South Korea,2,2,soccer,international,friendly,0
m103,2023-04-07,Argentina,Spain,3,1,soccer,international,league,0
m104,2023-04-08,Argentina,Japan,4,2,soccer,international,tournament,1
m105,2023-04-09,France,Mexico,4,1,soccer,international,qualifier,0
m106,2023-04-10,France,Croatia,3,3,soccer,international,qualifier,0
m107,2023-04-11,France,Iran,4,0,soccer,international,friendly,0
m108,2023-04-12,France,Nigeria,1,0,soccer,international,league,0
m109,2023-04-13,France,South Korea,1,2,soccer,international,tournament,1
m110,2023-04-14,France,Spain,1,0,soccer,international,qualifier,0
m111,2023-04-14,France,Japan,2,0,soccer,international,qualifier,0
m112,2023-04-15,Mexico,Croatia,4,0,soccer,international,friendly,0
m113,2023-04-16,Mexico,Iran,2,0,soccer,international,league,0
m114,2023-04-17,Mexico,Nigeria,4,3,soccer,international,tournament,1
m115,2023-04-18,Mexico,South Korea,0,1,soccer,international,qualifier,0
m116,2023-04-19,Mexico,Spain,2,3,soccer,international,qualifier,0
m117,2023-04-20,Mexico,Japan,3,1,soccer,international,friendly,0
m118,2023-04-21,Croatia,Iran,0,1,soccer,international,league,0
m119,2023-04-22,Croatia,Nigeria,1,4,soccer,international,tournament,1
m120,2023-04-23,Croatia,South Korea,2,2,soccer,international,qualifier,0
m121,2023-04-23,Croatia,Spain,1,4,soccer,international,qualifier,0
m122,2023-04-24,Croatia,Japan,1,3,soccer,international,friendly,0
m123,2023-04-25,Iran,Nigeria,2,3,soccer,international,league,0
m124,2023-04-26,Iran,South Korea,2,1,soccer,international,tournament,1
m125,2023-04-27,Iran,Spain,4,1,soccer,international,qualifier,0
m126,2023-04-28,Iran,Japan,0,2,soccer,international,qualifier,0
m127,2023-04-29,Nigeria,South Korea,3,1,soccer,international,friendly,0
m128,2023-04-30,Nigeria,Spain,3,2,soccer,international,league,0
m129,2023-05-01,Nigeria,Japan,1,1,soccer,international,tournament,1
m130,2023-05-02,South Korea,Spain,2,1,soccer,international,qualifier,0
m131,2023-05-02,South Korea,Japan,3,0,soccer,international,qualifier,0
m132,2023-05-03,Spain,Japan,3,1,soccer,international,friendly,0
m133,2023-05-04,Tunisia,Spain,2,0,soccer,international,league,0
m134,2023-05-05,Tunisia,France,1,2,soccer,international,tournament,1
m135,2023-05-06,Tunisia,Croatia,1,2,soccer,international,qualifier,0
m136,2023-05-07,Tunisia,USA,0,0,soccer,international,qualifier,0
m137,2023-05-08,Tunisia,Mexico,1,3,soccer,international,friendly,0
m138,2023-05-09,Tunisia,South Korea,2,3,soccer,international,league,0
m139,2023-05-10,Tunisia,Argentina,2,3,soccer,international,tournament,1
m140,2023-05-11,Tunisia,Iran,0,2,soccer,international,qualifier,0
m141,2023-05-11,Tunisia,Brazil,4,1,soccer,international,qualifier,0
m142,2023-05-12,Tunisia,Japan,2,0,soccer,international,friendly,0
m143,2023-05-13,Tunisia,Nigeria,1,2,soccer,international,league,0
m144,2023-05-14,Spain,France,2,4,soccer,international,tournament,1
m145,2023-05-15,Spain,Croatia,3,7,soccer,international,qualifier,0
m146,2023-05-16,Spain,USA,5,1,soccer,international,qualifier,0
m147,2023-05-17,Spain,Mexico,5,2,soccer,international,friendly,0
m148,2023-05-18,Spain,South Korea,5,2,soccer,international,league,0
m149,2023-05-19,Spain,Argentina,3,0,soccer,international,tournament,1
m150,2023-05-20,Spain,Iran,3,1,soccer,international,qualifier,0
m151,2023-05-20,Spain,Brazil,5,1,soccer,international,qualifier,0
m152,2023-05-21,Spain,Japan,6,4,soccer,international,friendly,0
m153,2023-05-22,Spain,Nigeria,2,3,soccer,international,league,0
m154,2023-05-23,France,Croatia,3,0,soccer,international,tournament,1
m155,2023-05-24,France,USA,2,1,soccer,international,qualifier,0
m156,2023-05-25,France,Mexico,3,1,soccer,international,qualifier,0
m157,2023-05-26,France,South Korea,1,0,soccer,international,friendly,0
m158,2023-05-27,France,Argentina,2,5,soccer,international,league,0
m159,2023-05-28,France,Iran,2,1,soccer,international,tournament,1
m160,2023-05-29,France,Brazil,5,6,soccer,international,qualifier,0
m161,2023-05-29,France,Japan,3,2,soccer,international,qualifier,0
m162,2023-05-30,France,Nigeria,0,0,soccer,international,friendly,0
m163,2023-05-31,Croatia,USA,1,3,soccer,international,league,0
m164,2023-06-01,Croatia,Mexico,1,3,soccer,international,tournament,1
m165,2023-06-02,Croatia,South Korea,2,1,soccer,international,qualifier,0
m166,2023-06-03,Croatia,Argentina,1,2,soccer,international,qualifier,0
m167,2023-06-04,Croatia,Iran,2,0,soccer,international,friendly,0
m168,2023-06-05,Croatia,Brazil,1,3,soccer,international,league,0
m169,2023-06-06,Croatia,Japan,4,2,soccer,international,tournament,1
m170,2023-06-07,Croatia,Nigeria,3,1,soccer,international,qualifier,0
m171,2023-06-07,USA,Mexico,1,0,soccer,international,qualifier,0
m172,2023-06-08,USA,South Korea,2,3,soccer,international,friendly,0
m173,2023-06-09,USA,Argentina,1,1,soccer,international,league,0
m174,2023-06-10,USA,Iran,3,2,soccer,international,tournament,1
m175,2023-06-11,USA,Brazil,2,1,soccer,international,qualifier,0
m176,2023-06-12,USA,Japan,4,0,soccer,international,qualifier,0
m177,2023-06-13,USA,Nigeria,2,1,soccer,international,friendly,0
m178,2023-06-14,Mexico,South Korea,4,2,soccer,international,league,0
m179,2023-06-15,Mexico,Argentina,2,3,soccer,international,tournament,1
m180,2023-06-16,Mexico,Iran,1,4,soccer,international,qualifier,0
m181,2023-06-16,Mexico,Brazil,1,1,soccer,international,qualifier,0
m182,2023-06-17,Mexico,Japan,1,0,soccer,international,friendly,0
m183,2023-06-18,Mexico,Nigeria,0,1,soccer,international,league,0
m184,2023-06-19,South Korea,Argentina,2,2,soccer,international,tournament,1
m185,2023-06-20,South Korea,Iran,3,0,soccer,international,qualifier,0
m186,2023-06-21,South Korea,Brazil,2,0,soccer,international,qualifier,0
m187,2023-06-22,South Korea,Japan,1,4,soccer,international,friendly,0
m188,2023-06-23,South Korea,Nigeria,2,0,soccer,international,league,0
m189,2023-06-24,Argentina,Iran,1,0,soccer,international,tournament,1
m190,2023-06-25,Argentina,Brazil,3,5,soccer,international,qualifier,0
m191,2023-06-25,Argentina,Japan,3,2,soccer,international,qualifier,0
m192,2023-06-26,Argentina,Nigeria,4,4,soccer,international,friendly,0
m193,2023-06-27,Iran,Brazil,3,1,soccer,international,league,0
m194,2023-06-28,Iran,Japan,1,2,soccer,international,tournament,1
m195,2023-06-29,Iran,Nigeria,1,0,soccer,international,qualifier,0
m196,2023-06-30,Brazil,Japan,2,5,soccer,international,qualifier,0
m197,2023-07-01,Brazil,Nigeria,4,0,soccer,international,friendly,0
m198,2023-07-02,Japan,Nigeria,1,0,soccer,international,league,0
m199,2023-07-03,Croatia,Nigeria,4,3,soccer,international,tournament,1
m200,2023-07-04,Croatia,Spain,0,3,soccer,international,qualifier,0
m201,2023-07-04,Croatia,USA,7,3,soccer,international,qualifier,0
m202,2023-07-05,Croatia,Brazil,3,4,soccer,international,friendly,0
m203,2023-07-06,Croatia,France,1,1,soccer,international,league,0
m204,2023-07-07,Croatia,South Korea,4,0,soccer,international,tournament,1
m205,2023-07-08,Croatia,Japan,2,3,soccer,international,qualifier,0
m206,2023-07-09,Croatia,Mexico,1,1,soccer,international,qualifier,0
m207,2023-07-10,Croatia,Tunisia,2,2,soccer,international,friendly,0
m208,2023-07-11,Croatia,Argentina,1,0,soccer,international,league,0
m209,2023-07-12,Croatia,Iran,2,0,soccer,international,tournament,1
m210,2023-07-13,Nigeria,Spain,2,1,soccer,international,qualifier,0
m211,2023-07-13,Nigeria,USA,0,1,soccer,international,qualifier,0
m212,2023-07-14,Nigeria,Brazil,2,2,soccer,international,friendly,0
m213,2023-07-15,Nigeria,France,1,2,soccer,international,league,0
m214,2023-07-16,Nigeria,South Korea,2,0,soccer,international,tournament,1
m215,2023-07-17,Nigeria,Japan,2,2,soccer,international,qualifier,0
m216,2023-07-18,Nigeria,Mexico,2,4,soccer,international,qualifier,0
m217,2023-07-19,Nigeria,Tunisia,4,3,soccer,international,friendly,0
m218,2023-07-20,Nigeria,Argentina,0,3,soccer,international,league,0
m219,2023-07-21,Nigeria,Iran,1,1,soccer,international,tournament,1
m220,2023-07-22,Spain,USA,1,2,soccer,international,qualifier,0
m221,2023-07-22,Spain,Brazil,1,2,soccer,international,qualifier,0
m222,2023-07-23,Spain,France,2,3,soccer,international,friendly,0
m223,2023-07-24,Spain,South Korea,3,0,soccer,international,league,0
m224,2023-07-25,Spain,Japan,1,1,soccer,international,tournament,1
m225,2023-07-26,Spain,Mexico,1,2,soccer,international,qualifier,0
m226,2023-07-27,Spain,Tunisia,3,1,soccer,international,qualifier,0
m227,2023-07-28,Spain,Argentina,2,3,soccer,international,friendly,0
m228,2023-07-29,Spain,Iran,2,2,soccer,international,league,0
m229,2023-07-30,USA,Brazil,1,3,soccer,international,tournament,1
m230,2023-07-31,USA,France,1,2,soccer,international,qualifier,0
m231,2023-07-31,USA,South Korea,1,2,soccer,international,qualifier,0
m232,2023-08-01,USA,Japan,5,0,soccer,international,friendly,0
m233,2023-08-02,USA,Mexico,0,0,soccer,international,league,0
m234,2023-08-03,USA,Tunisia,2,2,soccer,international,tournament,1
m235,2023-08-04,USA,Argentina,0,1,soccer,international,qualifier,0
m236,2023-08-05,USA,Iran,1,3,soccer,international,qualifier,0
m237,2023-08-06,Brazil,France,7,5,soccer,international,friendly,0
m238,2023-08-07,Brazil,South Korea,3,2,soccer,international,league,0
m239,2023-08-08,Brazil,Japan,1,5,soccer,international,tournament,1
m240,2023-08-09,Brazil,Mexico,2,0,soccer,international,qualifier,0
m241,2023-08-09,Brazil,Tunisia,0,1,soccer,international,qualifier,0
m242,2023-08-10,Brazil,Argentina,7,1,soccer,international,friendly,0
m243,2023-08-11,Brazil,Iran,1,1,soccer,international,league,0
m244,2023-08-12,France,South Korea,3,2,soccer,international,tournament,1
m245,2023-08-13,France,Japan,5,3,soccer,international,qualifier,0
m246,2023-08-14,France,Mexico,3,0,soccer,international,qualifier,0
m247,2023-08-15,France,Tunisia,0,1,soccer,international,friendly,0
m248,2023-08-16,France,Argentina,2,3,soccer,international,league,0
m249,2023-08-17,France,Iran,1,1,soccer,international,tournament,1
m250,2023-08-18,South Korea,Japan,2,1,soccer,international,qualifier,0
m251,2023-08-18,South Korea,Mexico,2,4,soccer,international,qualifier,0
m252,2023-08-19,South Korea,Tunisia,3,0,soccer,international,friendly,0
m253,2023-08-20,South Korea,Argentina,1,4,soccer,international,league,0
m254,2023-08-21,South Korea,Iran,0,0,soccer,international,tournament,1
m255,2023-08-22,Japan,Mexico,1,0,soccer,international,qualifier,0
m256,2023-08-23,Japan,Tunisia,2,2,soccer,international,qualifier,0
m257,2023-08-24,Japan,Argentina,0,1,soccer,international,friendly,0
m258,2023-08-25,Japan,Iran,2,3,soccer,international,league,0
m259,2023-08-26,Mexico,Tunisia,0,1,soccer,international,tournament,1
m260,2023-08-27,Mexico,Argentina,2,2,soccer,international,qualifier,0
m261,2023-08-27,Mexico,Iran,1,2,soccer,international,qualifier,0
m262,2023-08-28,Tunisia,Argentina,1,7,soccer,international,friendly,0
m263,2023-08-29,Tunisia,Iran,3,3,soccer,international,league,0
m264,2023-08-30,Argentina,Iran,3,2,soccer,international,tournament,1
m265,2023-08-31,Nigeria,France,1,4,soccer,international,qualifier,0
m266,2023-09-01,Nigeria,South Korea,2,0,soccer,international,qualifier,0
m267,2023-09-02,Nigeria,Brazil,0,1,soccer,international,friendly,0
m268,2023-09-03,Nigeria,Mexico,5,0,soccer,international,league,0
m269,2023-09-04,Nigeria,Japan,2,1,soccer,international,tournament,1
m270,2023-09-05,Nigeria,Tunisia,1,3,soccer,international,qualifier,0
m271,2023-09-05,Nigeria,Croatia,0,3,soccer,international,qualifier,0
m272,2023-09-06,Nigeria,USA,2,5,soccer,international,friendly,0
m273,2023-09-07,Nigeria,Spain,2,3,soccer,international,league,0
m274,2023-09-08,Nigeria,Argentina,2,3,soccer,international,tournament,1
m275,2023-09-09,Nigeria,Iran,1,2,soccer,international,qualifier,0
m276,2023-09-10,France,South Korea,2,2,soccer,international,qualifier,0
m277,2023-09-11,France,Brazil,1,6,soccer,international,friendly,0
m278,2023-09-12,France,Mexico,5,0,soccer,international,league,0
m279,2023-09-13,France,Japan,3,0,soccer,international,tournament,1
m280,2023-09-14,France,Tunisia,1,0,soccer,international,qualifier,0
m281,2023-09-14,France,Croatia,2,3,soccer,international,qualifier,0
m282,2023-09-15,France,USA,2,2,soccer,international,friendly,0
m283,2023-09-16,France,Spain,4,3,soccer,international,league,0
m284,2023-09-17,France,Argentina,6,3,soccer,international,tournament,1
m285,2023-09-18,France,Iran,2,2,soccer,international,qualifier,0
m286,2023-09-19,South Korea,Brazil,1,4,soccer,international,qualifier,0
m287,2023-09-20,South Korea,Mexico,1,0,soccer,international,friendly,0
m288,2023-09-21,South Korea,Japan,0,2,soccer,international,league,0
m289,2023-09-22,South Korea,Tunisia,1,2,soccer,international,tournament,1
m290,2023-09-23,South Korea,Croatia,1,0,soccer,international,qualifier,0
m291,2023-09-23,South Korea,USA,1,1,soccer,international,qualifier,0
m292,2023-09-24,South Korea,Spain,0,1,soccer,international,friendly,0
m293,2023-09-25,South Korea,Argentina,1,1,soccer,international,league,0
m294,2023-09-26,South Korea,Iran,0,2,soccer,international,tournament,1
m295,2023-09-27,Brazil,Mexico,5,3,soccer,international,qualifier,0
m296,2023-09-28,Brazil,Japan,1,1,soccer,international,qualifier,0
m297,2023-09-29,Brazil,Tunisia,3,3,soccer,international,friendly,0
m298,2023-09-30,Brazil,Croatia,4,3,soccer,international,league,0
m299,2023-10-01,Brazil,USA,2,1,soccer,international,tournament,1
m300,2023-10-02,Brazil,Spain,2,6,soccer,international,qualifier,0
m301,2023-10-02,Brazil,Argentina,2,4,soccer,international,qualifier,0
m302,2023-10-03,Brazil,Iran,4,2,soccer,international,friendly,0
m303,2023-10-04,Mexico,Japan,4,2,soccer,international,league,0
m304,2023-10-05,Mexico,Tunisia,5,2,soccer,international,tournament,1
m305,2023-10-06,Mexico,Croatia,0,2,soccer,international,qualifier,0
m306,2023-10-07,Mexico,USA,4,2,soccer,international,qualifier,0
m307,2023-10-08,Mexico,Spain,1,4,soccer,international,friendly,0
m308,2023-10-09,Mexico,Argentina,1,2,soccer,international,league,0
m309,2023-10-10,Mexico,Iran,0,0,soccer,international,tournament,1
m310,2023-10-11,Japan,Tunisia,6,3,soccer,international,qualifier,0
m311,2023-10-11,Japan,Croatia,3,1,soccer,international,qualifier,0
m312,2023-10-12,Japan,USA,2,3,soccer,international,friendly,0
m313,2023-10-13,Japan,Spain,2,1,soccer,international,league,0
m314,2023-10-14,Japan,Argentina,6,2,soccer,international,tournament,1
m315,2023-10-15,Japan,Iran,2,1,soccer,international,qualifier,0
m316,2023-10-16,Tunisia,Croatia,1,0,soccer,international,qualifier,0
m317,2023-10-17,Tunisia,USA,0,1,soccer,international,friendly,0
m318,2023-10-18,Tunisia,Spain,2,2,soccer,international,league,0
m319,2023-10-19,Tunisia,Argentina,1,1,soccer,international,tournament,1
m320,2023-10-20,Tunisia,Iran,1,0,soccer,international,qualifier,0
m321,2023-10-20,Croatia,USA,3,0,soccer,international,qualifier,0
m322,2023-10-21,Croatia,Spain,2,1,soccer,international,friendly,0
m323,2023-10-22,Croatia,Argentina,1,3,soccer,international,league,0
m324,2023-10-23,Croatia,Iran,1,1,soccer,international,tournament,1
m325,2023-10-24,USA,Spain,1,1,soccer,international,qualifier,0
m326,2023-10-25,USA,Argentina,3,1,soccer,international,qualifier,0
m327,2023-10-26,USA,Iran,2,0,soccer,international,friendly,0
m328,2023-10-27,Spain,Argentina,4,0,soccer,international,league,0
m329,2023-10-28,Spain,Iran,1,1,soccer,international,tournament,1
m330,2023-10-29,Argentina,Iran,2,3,soccer,international,qualifier,0
m331,2023-10-29,Tunisia,Nigeria,2,2,soccer,international,qualifier,0
m332,2023-10-30,Tunisia,Japan,1,1,soccer,international,friendly,0
m333,2023-10-31,Tunisia,Brazil,1,4,soccer,international,league,0
m334,2023-11-01,Tunisia,Argentina,2,8,soccer,international,tournament,1
m335,2023-11-02,Tunisia,Croatia,1,0,soccer,international,qualifier,0
m336,2023-11-03,Tunisia,Spain,3,3,soccer,international,qualifier,0
m337,2023-11-04,Tunisia,South Korea,3,4,soccer,international,friendly,0
m338,2023-11-05,Tunisia,Iran,2,2,soccer,international,league,0
m339,2023-11-06,Tunisia,USA,0,0,soccer,international,tournament,1
m340,2023-11-07,Tunisia,Mexico,1,2,soccer,international,qualifier,0
m341,2023-11-07,Tunisia,France,0,3,soccer,international,qualifier,0
m342,2023-11-08,Nigeria,Japan,1,1,soccer,international,friendly,0
m343,2023-11-09,Nigeria,Brazil,1,2,soccer,international,league,0
m344,2023-11-10,Nigeria,Argentina,1,1,soccer,international,tournament,1
m345,2023-11-11,Nigeria,Croatia,2,0,soccer,international,qualifier,0
m346,2023-11-12,Nigeria,Spain,2,1,soccer,international,qualifier,0
m347,2023-11-13,Nigeria,South Korea,1,3,soccer,international,friendly,0
m348,2023-11-14,Nigeria,Iran,1,4,soccer,international,league,0
m349,2023-11-15,Nigeria,USA,2,0,soccer,international,tournament,1
m350,2023-11-16,Nigeria,Mexico,2,3,soccer,international,qualifier,0
m351,2023-11-16,Nigeria,France,2,4,soccer,international,qualifier,0
m352,2023-11-17,Japan,Brazil,0,6,soccer,international,friendly,0
m353,2023-11-18,Japan,Argentina,3,1,soccer,international,league,0
m354,2023-11-19,Japan,Croatia,0,3,soccer,international,tournament,1
m355,2023-11-20,Japan,Spain,3,3,soccer,international,qualifier,0
m356,2023-11-21,Japan,South Korea,4,3,soccer,international,qualifier,0
m357,2023-11-22,Japan,Iran,0,0,soccer,international,friendly,0
m358,2023-11-23,Japan,USA,0,1,soccer,international,league,0
m359,2023-11-24,Japan,Mexico,3,4,soccer,international,tournament,1
m360,2023-11-25,Japan,France,4,0,soccer,international,qualifier,0
m361,2023-11-25,Brazil,Argentina,3,2,soccer,international,qualifier,0
m362,2023-11-26,Brazil,Croatia,2,4,soccer,international,friendly,0
m363,2023-11-27,Brazil,Spain,2,3,soccer,international,league,0
m364,2023-11-28,Brazil,South Korea,3,0,soccer,international,tournament,1
m365,2023-11-29,Brazil,Iran,3,4,soccer,international,qualifier,0
m366,2023-11-30,Brazil,USA,2,2,soccer,international,qualifier,0
m367,2023-12-01,Brazil,Mexico,3,3,soccer,international,friendly,0
m368,2023-12-02,Brazil,France,3,3,soccer,international,league,0
m369,2023-12-03,Argentina,Croatia,4,1,soccer,international,tournament,1
m370,2023-12-04,Argentina,Spain,3,3,soccer,international,qualifier,0
m371,2023-12-04,Argentina,South Korea,5,0,soccer,international,qualifier,0
m372,2023-12-05,Argentina,Iran,2,3,soccer,international,friendly,0
m373,2023-12-06,Argentina,USA,1,2,soccer,international,league,0
m374,2023-12-07,Argentina,Mexico,1,1,soccer,international,tournament,1
m375,2023-12-08,Argentina,France,1,4,soccer,international,qualifier,0
m376,2023-12-09,Croatia,Spain,1,0,soccer,international,qualifier,0
m377,2023-12-10,Croatia,South Korea,2,2,soccer,international,friendly,0
m378,2023-12-11,Croatia,Iran,2,0,soccer,international,league,0
m379,2023-12-12,Croatia,USA,3,1,soccer,international,tournament,1
m380,2023-12-13,Croatia,Mexico,1,3,soccer,international,qualifier,0
m381,2023-12-13,Croatia,France,0,5,soccer,international,qualifier,0
m382,2023-12-14,Spain,South Korea,2,0,soccer,international,friendly,0
m383,2023-12-15,Spain,Iran,2,1,soccer,international,league,0
m384,2023-12-16,Spain,USA,0,1,soccer,international,tournament,1
m385,2023-12-17,Spain,Mexico,2,1,soccer,international,qualifier,0
m386,2023-12-18,Spain,France,3,2,soccer,international,qualifier,0
m387,2023-12-19,South Korea,Iran,5,1,soccer,international,friendly,0
m388,2023-12-20,South Korea,USA,1,2,soccer,international,league,0
m389,2023-12-21,South Korea,Mexico,2,5,soccer,international,tournament,1
m390,2023-12-22,South Korea,France,0,2,soccer,international,qualifier,0
m391,2023-12-22,Iran,USA,3,1,soccer,international,qualifier,0
m392,2023-12-23,Iran,Mexico,0,2,soccer,international,friendly,0
m393,2023-12-24,Iran,France,4,3,soccer,international,league,0
m394,2023-12-25,USA,Mexico,2,2,soccer,international,tournament,1
m395,2023-12-26,USA,France,3,0,soccer,international,qualifier,0
m396,2023-12-27,Mexico,France,4,4,soccer,international,qualifier,0
m397,2023-12-28,USA,Nigeria,2,1,soccer,international,friendly,0
m398,2023-12-29,USA,Tunisia,4,2,soccer,international,league,0
m399,2023-12-30,USA,Mexico,4,0,soccer,international,tournament,1
m400,2023-12-31,USA,Croatia,2,0,soccer,international,qualifier,0
m401,2023-12-31,USA,France,1,2,soccer,international,qualifier,0
m402,2024-01-01,USA,Japan,1,2,soccer,international,friendly,0
m403,2024-01-02,USA,Argentina,2,1,soccer,international,league,0
m404,2024-01-03,USA,Iran,1,1,soccer,international,tournament,1
m405,2024-01-04,USA,South Korea,1,3,soccer,international,qualifier,0
m406,2024-01-05,USA,Spain,0,3,soccer,international,qualifier,0
m407,2024-01-06,USA,Brazil,0,2,soccer,international,friendly,0
m408,2024-01-07,Nigeria,Tunisia,1,1,soccer,international,league,0
m409,2024-01-08,Nigeria,Mexico,2,1,soccer,international,tournament,1
m410,2024-01-09,Nigeria,Croatia,1,1,soccer,international,qualifier,0
m411,2024-01-09,Nigeria,France,3,2,soccer,international,qualifier,0
m412,2024-01-10,Nigeria,Japan,2,1,soccer,international,friendly,0
m413,2024-01-11,Nigeria,Argentina,4,2,soccer,international,league,0
m414,2024-01-12,Nigeria,Iran,0,3,soccer,international,tournament,1
m415,2024-01-13,Nigeria,South Korea,0,1,soccer,international,qualifier,0
m416,2024-01-14,Nigeria,Spain,1,4,soccer,international,qualifier,0
m417,2024-01-15,Nigeria,Brazil,1,3,soccer,international,friendly,0
m418,2024-01-16,Tunisia,Mexico,3,1,soccer,international,league,0
m419,2024-01-17,Tunisia,Croatia,3,1,soccer,international,tournament,1
m420,2024-01-18,Tunisia,France,1,2,soccer,international,qualifier,0
m421,2024-01-18,Tunisia,Japan,1,1,soccer,international,qualifier,0
m422,2024-01-19,Tunisia,Argentina,3,2,soccer,international,friendly,0
m423,2024-01-20,Tunisia,Iran,1,0,soccer,international,league,0
m424,2024-01-21,Tunisia,South Korea,2,2,soccer,international,tournament,1
m425,2024-01-22,Tunisia,Spain,0,2,soccer,international,qualifier,0
m426,2024-01-23,Tunisia,Brazil,1,3,soccer,international,qualifier,0
m427,2024-01-24,Mexico,Croatia,3,1,soccer,international,friendly,0
m428,2024-01-25,Mexico,France,0,3,soccer,international,league,0
m429,2024-01-26,Mexico,Japan,1,2,soccer,international,tournament,1
m430,2024-01-27,Mexico,Argentina,3,2,soccer,international,qualifier,0
m431,2024-01-27,Mexico,Iran,2,1,soccer,international,qualifier,0
m432,2024-01-28,Mexico,South Korea,8,0,soccer,international,friendly,0
m433,2024-01-29,Mexico,Spain,1,2,soccer,international,league,0
m434,2024-01-30,Mexico,Brazil,2,2,soccer,international,tournament,1
m435,2024-01-31,Croatia,France,2,2,soccer,international,qualifier,0
m436,2024-02-01,Croatia,Japan,3,1,soccer,international,qualifier,0
m437,2024-02-02,Croatia,Argentina,6,1,soccer,international,friendly,0
m438,2024-02-03,Croatia,Iran,0,2,soccer,international,league,0
m439,2024-02-04,Croatia,South Korea,1,3,soccer,international,tournament,1
m440,2024-02-05,Croatia,Spain,5,0,soccer,international,qualifier,0
m441,2024-02-05,Croatia,Brazil,0,1,soccer,international,qualifier,0
m442,2024-02-06,France,Japan,5,5,soccer,international,friendly,0
m443,2024-02-07,France,Argentina,3,2,soccer,international,league,0
m444,2024-02-08,France,Iran,1,2,soccer,international,tournament,1
m445,2024-02-09,France,South Korea,5,0,soccer,international,qualifier,0
m446,2024-02-10,France,Spain,8,7,soccer,international,qualifier,0
m447,2024-02-11,France,Brazil,2,0,soccer,international,friendly,0
m448,2024-02-12,Japan,Argentina,2,0,soccer,international,league,0
m449,2024-02-13,Japan,Iran,5,0,soccer,international,tournament,1
m450,2024-02-14,Japan,South Korea,3,0,soccer,international,qualifier,0
m451,2024-02-14,Japan,Spain,0,2,soccer,international,qualifier,0
m452,2024-02-15,Japan,Brazil,2,4,soccer,international,friendly,0
m453,2024-02-16,Argentina,Iran,2,3,soccer,international,league,0
m454,2024-02-17,Argentina,South Korea,3,1,soccer,international,tournament,1
m455,2024-02-18,Argentina,Spain,3,4,soccer,international,qualifier,0
m456,2024-02-19,Argentina,Brazil,3,6,soccer,international,qualifier,0
m457,2024-02-20,Iran,South Korea,2,2,soccer,international,friendly,0
m458,2024-02-21,Iran,Spain,2,0,soccer,international,league,0
m459,2024-02-22,Iran,Brazil,1,4,soccer,international,tournament,1
m460,2024-02-23,South Korea,Spain,2,3,soccer,international,qualifier,0
m461,2024-02-23,South Korea,Brazil,1,2,soccer,international,qualifier,0
m462,2024-02-24,Spain,Brazil,1,3,soccer,international,friendly,0
m463,2024-02-25,Tunisia,Iran,1,0,soccer,international,league,0
m464,2024-02-26,Tunisia,Croatia,0,1,soccer,international,tournament,1
m465,2024-02-27,Tunisia,USA,1,1,soccer,international,qualifier,0
m466,2024-02-28,Tunisia,France,5,1,soccer,international,qualifier,0
m467,2024-02-29,Tunisia,Spain,3,3,soccer,international,friendly,0
m468,2024-03-01,Tunisia,Mexico,1,1,soccer,international,league,0
m469,2024-03-02,Tunisia,Argentina,0,3,soccer,international,tournament,1
m470,2024-03-03,Tunisia,Nigeria,0,0,soccer,international,qualifier,0
m471,2024-03-03,Tunisia,South Korea,3,1,soccer,international,qualifier,0
m472,2024-03-04,Tunisia,Japan,4,0,soccer,international,friendly,0
m473,2024-03-05,Tunisia,Brazil,3,5,soccer,international,league,0
m474,2024-03-06,Iran,Croatia,2,2,soccer,international,tournament,1
m475,2024-03-07,Iran,USA,6,1,soccer,international,qualifier,0
m476,2024-03-08,Iran,France,2,1,soccer,international,qualifier,0
m477,2024-03-09,Iran,Spain,2,2,soccer,international,friendly,0
m478,2024-03-10,Iran,Mexico,2,1,soccer,international,league,0
m479,2024-03-11,Iran,Argentina,1,3,soccer,international,tournament,1
m480,2024-03-12,Iran,Nigeria,2,3,soccer,international,qualifier,0
m481,2024-03-12,Iran,South Korea,2,2,soccer,international,qualifier,0
m482,2024-03-13,Iran,Japan,0,1,soccer,international,friendly,0
m483,2024-03-14,Iran,Brazil,2,2,soccer,international,league,0
m484,2024-03-15,Croatia,USA,2,1,soccer,international,tournament,1
m485,2024-03-16,Croatia,France,1,1,soccer,international,qualifier,0
m486,2024-03-17,Croatia,Spain,0,2,soccer,international,qualifier,0
m487,2024-03-18,Croatia,Mexico,1,3,soccer,international,friendly,0
m488,2024-03-19,Croatia,Argentina,3,3,soccer,international,league,0
m489,2024-03-20,Croatia,Nigeria,2,3,soccer,international,tournament,1
m490,2024-03-21,Croatia,South Korea,1,2,soccer,international,qualifier,0
m491,2024-03-21,Croatia,Japan,3,2,soccer,international,qualifier,0
m492,2024-03-22,Croatia,Brazil,2,3,soccer,international,friendly,0
m493,2024-03-23,USA,France,0,0,soccer,international,league,0
m494,2024-03-24,USA,Spain,2,4,soccer,international,tournament,1
m495,2024-03-25,USA,Mexico,2,3,soccer,international,qualifier,0
m496,2024-03-26,USA,Argentina,1,1,soccer,international,qualifier,0
m497,2024-03-27,USA,Nigeria,3,4,soccer,international,friendly,0
m498,2024-03-28,USA,South Korea,2,3,soccer,international,league,0
m499,2024-03-29,USA,Japan,3,1,soccer,international,tournament,1
m500,2024-03-30,USA,Brazil,1,3,soccer,international,qualifier,0
m501,2024-03-30,France,Spain,4,2,soccer,international,qualifier,0
m502,2024-03-31,France,Mexico,4,1,soccer,international,friendly,0
m503,2024-04-01,France,Argentina,2,2,soccer,international,league,0
m504,2024-04-02,France,Nigeria,4,1,soccer,international,tournament,1
m505,2024-04-03,France,South Korea,2,1,soccer,international,qualifier,0
m506,2024-04-04,France,Japan,6,0,soccer,international,qualifier,0
m507,2024-04-05,France,Brazil,3,1,soccer,international,friendly,0
m508,2024-04-06,Spain,Mexico,4,0,soccer,international,league,0
m509,2024-04-07,Spain,Argentina,4,7,soccer,international,tournament,1
m510,2024-04-08,Spain,Nigeria,3,0,soccer,international,qualifier,0
m511,2024-04-08,Spain,South Korea,2,3,soccer,international,qualifier,0
m512,2024-04-09,Spain,Japan,4,1,soccer,international,friendly,0
m513,2024-04-10,Spain,Brazil,0,3,soccer,international,league,0
m514,2024-04-11,Mexico,Argentina,3,5,soccer,international,tournament,1
m515,2024-04-12,Mexico,Nigeria,3,1,soccer,international,qualifier,0
m516,2024-04-13,Mexico,South Korea,1,2,soccer,international,qualifier,0
m517,2024-04-14,Mexico,Japan,1,1,soccer,international,friendly,0
m518,2024-04-15,Mexico,Brazil,3,1,soccer,international,league,0
m519,2024-04-16,Argentina,Nigeria,2,1,soccer,international,tournament,1
m520,2024-04-17,Argentina,South Korea,0,2,soccer,international,qualifier,0
m521,2024-04-17,Argentina,Japan,2,1,soccer,international,qualifier,0
m522,2024-04-18,Argentina,Brazil,2,2,soccer,international,friendly,0
m523,2024-04-19,Nigeria,South Korea,4,1,soccer,international,league,0
m524,2024-04-20,Nigeria,Japan,2,5,soccer,international,tournament,1
m525,2024-04-21,Nigeria,Brazil,1,4,soccer,international,qualifier,0
m526,2024-04-22,South Korea,Japan,1,3,soccer,international,qualifier,0
m527,2024-04-23,South Korea,Brazil,2,5,soccer,international,friendly,0
m528,2024-04-24,Japan,Brazil,3,3,soccer,international,league,0
m529,2024-04-25,France,Nigeria,3,1,soccer,international,tournament,1
m530,2024-04-26,France,Mexico,7,2,soccer,international,qualifier,0
m531,2024-04-26,France,USA,9,3,soccer,international,qualifier,0
m532,2024-04-27,France,Spain,9,5,soccer,international,friendly,0
m533,2024-04-28,France,Iran,0,1,soccer,international,league,0
m534,2024-04-29,France,South Korea,4,1,soccer,international,tournament,1
m535,2024-04-30,France,Tunisia,6,3,soccer,international,qualifier,0
m536,2024-05-01,France,Japan,4,0,soccer,international,qualifier,0
m537,2024-05-02,France,Argentina,3,1,soccer,international,friendly,0
m538,2024-05-03,France,Croatia,1,4,soccer,international,league,0
m539,2024-05-04,France,Brazil,3,3,soccer,international,tournament,1
m540,2024-05-05,Nigeria,Mexico,1,2,soccer,international,qualifier,0
m541,2024-05-05,Nigeria,USA,2,2,soccer,international,qualifier,0
m542,2024-05-06,Nigeria,Spain,1,3,soccer,international,friendly,0
m543,2024-05-07,Nigeria,Iran,0,0,soccer,international,league,0
m544,2024-05-08,Nigeria,South Korea,1,1,soccer,international,tournament,1
m545,2024-05-09,Nigeria,Tunisia,2,0,soccer,international,qualifier,0
m546,2024-05-10,Nigeria,Japan,1,1,soccer,international,qualifier,0
m547,2024-05-11,Nigeria,Argentina,1,2,soccer,international,friendly,0
m548,2024-05-12,Nigeria,Croatia,1,3,soccer,international,league,0
m549,2024-05-13,Nigeria,Brazil,0,3,soccer,international,tournament,1
m550,2024-05-14,Mexico,USA,3,1,soccer,international,qualifier,0
m551,2024-05-14,Mexico,Spain,3,1,soccer,international,qualifier,0
m552,2024-05-15,Mexico,Iran,3,3,soccer,international,friendly,0
m553,2024-05-16,Mexico,South Korea,1,1,soccer,international,league,0
m554,2024-05-17,Mexico,Tunisia,0,0,soccer,international,tournament,1
m555,2024-05-18,Mexico,Japan,4,2,soccer,international,qualifier,0
m556,2024-05-19,Mexico,Argentina,3,2,soccer,international,qualifier,0
m557,2024-05-20,Mexico,Croatia,3,2,soccer,international,friendly,0
m558,2024-05-21,Mexico,Brazil,1,3,soccer,international,league,0
m559,2024-05-22,USA,Spain,1,3,soccer,international,tournament,1
m560,2024-05-23,USA,Iran,2,1,soccer,international,qualifier,0
m561,2024-05-23,USA,South Korea,2,1,soccer,international,qualifier,0
m562,2024-05-24,USA,Tunisia,2,1,soccer,international,friendly,0
m563,2024-05-25,USA,Japan,5,1,soccer,international,league,0
m564,2024-05-26,USA,Argentina,1,2,soccer,international,tournament,1
m565,2024-05-27,USA,Croatia,3,2,soccer,international,qualifier,0
m566,2024-05-28,USA,Brazil,1,3,soccer,international,qualifier,0
m567,2024-05-29,Spain,Iran,3,4,soccer,international,friendly,0
m568,2024-05-30,Spain,South Korea,4,2,soccer,international,league,0
m569,2024-05-31,Spain,Tunisia,1,3,soccer,international,tournament,1
m570,2024-06-01,Spain,Japan,2,0,soccer,international,qualifier,0
m571,2024-06-01,Spain,Argentina,4,5,soccer,international,qualifier,0
m572,2024-06-02,Spain,Croatia,2,2,soccer,international,friendly,0
m573,2024-06-03,Spain,Brazil,0,3,soccer,international,league,0
m574,2024-06-04,Iran,South Korea,1,1,soccer,international,tournament,1
m575,2024-06-05,Iran,Tunisia,2,1,soccer,international,qualifier,0
m576,2024-06-06,Iran,Japan,1,2,soccer,international,qualifier,0
m577,2024-06-07,Iran,Argentina,2,2,soccer,international,friendly,0
m578,2024-06-08,Iran,Croatia,3,3,soccer,international,league,0
m579,2024-06-09,Iran,Brazil,2,4,soccer,international,tournament,1
m580,2024-06-10,South Korea,Tunisia,1,1,soccer,international,qualifier,0
m581,2024-06-10,South Korea,Japan,4,0,soccer,international,qualifier,0
m582,2024-06-11,South Korea,Argentina,2,0,soccer,international,friendly,0
m583,2024-06-12,South Korea,Croatia,1,1,soccer,international,league,0
m584,2024-06-13,South Korea,Brazil,3,2,soccer,international,tournament,1
m585,2024-06-14,Tunisia,Japan,1,5,soccer,international,qualifier,0
m586,2024-06-15,Tunisia,Argentina,5,4,soccer,international,qualifier,0
m587,2024-06-16,Tunisia,Croatia,0,3,soccer,international,friendly,0
m588,2024-06-17,Tunisia,Brazil,0,4,soccer,international,league,0
m589,2024-06-18,Japan,Argentina,3,2,soccer,international,tournament,1
m590,2024-06-19,Japan,Croatia,3,0,soccer,international,qualifier,0
m591,2024-06-19,Japan,Brazil,2,3,soccer,international,qualifier,0
m592,2024-06-20,Argentina,Croatia,4,1,soccer,international,friendly,0
m593,2024-06-21,Argentina,Brazil,3,3,soccer,international,league,0
m594,2024-06-22,Croatia,Brazil,2,3,soccer,international,tournament,1
m595,2024-06-23,Spain,Tunisia,1,2,soccer,international,qualifier,0
m596,2024-06-24,Spain,Nigeria,2,1,soccer,international,qualifier,0
m597,2024-06-25,Spain,Argentina,2,5,soccer,international,friendly,0
m598,2024-06-26,Spain,Japan,3,1,soccer,international,league,0
m599,2024-06-27,Spain,South Korea,6,0,soccer,international,tournament,1
m600,2024-06-28,Spain,Iran,2,2,soccer,international,qualifier,0
m601,2024-06-28,Spain,USA,4,1,soccer,international,qualifier,0
m602,2024-06-29,Spain,Croatia,3,5,soccer,international,friendly,0
m603,2024-06-30,Spain,France,2,1,soccer,international,league,0
m604,2024-07-01,Spain,Mexico,5,2,soccer,international,tournament,1
m605,2024-07-02,Spain,Brazil,3,0,soccer,international,qualifier,0
m606,2024-07-03,Tunisia,Nigeria,3,4,soccer,international,qualifier,0
m607,2024-07-04,Tunisia,Argentina,2,4,soccer,international,friendly,0
m608,2024-07-05,Tunisia,Japan,2,1,soccer,international,league,0
m609,2024-07-06,Tunisia,South Korea,0,2,soccer,international,tournament,1
m610,2024-07-07,Tunisia,Iran,2,0,soccer,international,qualifier,0
m611,2024-07-07,Tunisia,USA,1,0,soccer,international,qualifier,0
m612,2024-07-08,Tunisia,Croatia,1,2,soccer,international,friendly,0
m613,2024-07-09,Tunisia,France,1,0,soccer,international,league,0
m614,2024-07-10,Tunisia,Mexico,0,3,soccer,international,tournament,1
m615,2024-07-11,Tunisia,Brazil,2,3,soccer,international,qualifier,0
m616,2024-07-12,Nigeria,Argentina,0,1,soccer,international,qualifier,0
m617,2024-07-13,Nigeria,Japan,3,1,soccer,international,friendly,0
m618,2024-07-14,Nigeria,South Korea,0,0,soccer,international,league,0
m619,2024-07-15,Nigeria,Iran,0,2,soccer,international,tournament,1
m620,2024-07-16,Nigeria,USA,1,1,soccer,international,qualifier,0
m621,2024-07-16,Nigeria,Croatia,0,3,soccer,international,qualifier,0
m622,2024-07-17,Nigeria,France,2,4,soccer,international,friendly,0
m623,2024-07-18,Nigeria,Mexico,3,5,soccer,international,league,0
m624,2024-07-19,Nigeria,Brazil,3,1,soccer,international,tournament,1
m625,2024-07-20,Argentina,Japan,3,1,soccer,international,qualifier,0
m626,2024-07-21,Argentina,South Korea,2,0,soccer,international,qualifier,0
m627,2024-07-22,Argentina,Iran,1,3,soccer,international,friendly,0
m628,2024-07-23,Argentina,USA,5,3,soccer,international,league,0
m629,2024-07-24,Argentina,Croatia,3,1,soccer,international,tournament,1
m630,2024-07-25,Argentina,France,3,4,soccer,international,qualifier,0
m631,2024-07-25,Argentina,Mexico,2,2,soccer,international,qualifier,0
m632,2024-07-26,Argentina,Brazil,1,4,soccer,international,friendly,0
m633,2024-07-27,Japan,South Korea,3,2,soccer,international,league,0
m634,2024-07-28,Japan,Iran,1,0,soccer,international,tournament,1
m635,2024-07-29,Japan,USA,2,0,soccer,international,qualifier,0
m636,2024-07-30,Japan,Croatia,3,0,soccer,international,qualifier,0
m637,2024-07-31,Japan,France,3,1,soccer,international,friendly,0
m638,2024-08-01,Japan,Mexico,2,2,soccer,international,league,0
m639,2024-08-02,Japan,Brazil,2,4,soccer,international,tournament,1
m640,2024-08-03,South Korea,Iran,2,4,soccer,international,qualifier,0
m641,2024-08-03,South Korea,USA,2,6,soccer,international,qualifier,0
m642,2024-08-04,South Korea,Croatia,1,5,soccer,international,friendly,0
m643,2024-08-05,South Korea,France,3,1,soccer,international,league,0
m644,2024-08-06,South Korea,Mexico,3,2,soccer,international,tournament,1
m645,2024-08-07,South Korea,Brazil,0,5,soccer,international,qualifier,0
m646,2024-08-08,Iran,USA,0,1,soccer,international,qualifier,0
m647,2024-08-09,Iran,Croatia,2,2,soccer,international,friendly,0
m648,2024-08-10,Iran,France,1,6,soccer,international,league,0
m649,2024-08-11,Iran,Mexico,1,1,soccer,international,tournament,1
m650,2024-08-12,Iran,Brazil,1,1,soccer,international,qualifier,0
m651,2024-08-12,USA,Croatia,1,4,soccer,international,qualifier,0
m652,2024-08-13,USA,France,0,2,soccer,international,friendly,0
m653,2024-08-14,USA,Mexico,3,2,soccer,international,league,0
m654,2024-08-15,USA,Brazil,3,0,soccer,international,tournament,1
m655,2024-08-16,Croatia,France,1,3,soccer,international,qualifier,0
m656,2024-08-17,Croatia,Mexico,2,1,soccer,international,qualifier,0
m657,2024-08-18,Croatia,Brazil,2,1,soccer,international,friendly,0
m658,2024-08-19,France,Mexico,5,5,soccer,international,league,0
m659,2024-08-20,France,Brazil,5,4,soccer,international,tournament,1
m660,2024-08-21,Mexico,Brazil,1,3,soccer,international,qualifier,0
m661,2024-08-21,USA,Tunisia,1,2,soccer,international,qualifier,0
m662,2024-08-22,USA,Argentina,1,0,soccer,international,friendly,0
m663,2024-08-23,USA,Japan,1,2,soccer,international,league,0
m664,2024-08-24,USA,Brazil,1,2,soccer,international,tournament,1
m665,2024-08-25,USA,Croatia,1,2,soccer,international,qualifier,0
m666,2024-08-26,USA,Iran,3,2,soccer,international,qualifier,0
m667,2024-08-27,USA,Nigeria,0,5,soccer,international,friendly,0
m668,2024-08-28,USA,France,1,5,soccer,international,league,0
m669,2024-08-29,USA,Spain,1,5,soccer,international,tournament,1
m670,2024-08-30,USA,South Korea,3,2,soccer,international,qualifier,0
m671,2024-08-30,USA,Mexico,2,4,soccer,international,qualifier,0
m672,2024-08-31,Tunisia,Argentina,0,2,soccer,international,friendly,0
m673,2024-09-01,Tunisia,Japan,0,2,soccer,international,league,0
m674,2024-09-02,Tunisia,Brazil,0,3,soccer,international,tournament,1
m675,2024-09-03,Tunisia,Croatia,2,2,soccer,international,qualifier,0
m676,2024-09-04,Tunisia,Iran,2,0,soccer,international,qualifier,0
m677,2024-09-05,Tunisia,Nigeria,0,3,soccer,international,friendly,0
m678,2024-09-06,Tunisia,France,0,1,soccer,international,league,0
m679,2024-09-07,Tunisia,Spain,2,5,soccer,international,tournament,1
m680,2024-09-08,Tunisia,South Korea,3,0,soccer,international,qualifier,0
m681,2024-09-08,Tunisia,Mexico,1,3,soccer,international,qualifier,0
m682,2024-09-09,Argentina,Japan,5,0,soccer,international,friendly,0
m683,2024-09-10,Argentina,Brazil,6,3,soccer,international,league,0
m684,2024-09-11,Argentina,Croatia,5,0,soccer,international,tournament,1
m685,2024-09-12,Argentina,Iran,4,2,soccer,international,qualifier,0
m686,2024-09-13,Argentina,Nigeria,2,4,soccer,international,qualifier,0
m687,2024-09-14,Argentina,France,1,3,soccer,international,friendly,0
m688,2024-09-15,Argentina,Spain,1,3,soccer,international,league,0
m689,2024-09-16,Argentina,South Korea,3,1,soccer,international,tournament,1
m690,2024-09-17,Argentina,Mexico,1,0,soccer,international,qualifier,0
m691,2024-09-17,Japan,Brazil,2,3,soccer,international,qualifier,0
m692,2024-09-18,Japan,Croatia,2,1,soccer,international,friendly,0
m693,2024-09-19,Japan,Iran,3,5,soccer,international,league,0
m694,2024-09-20,Japan,Nigeria,1,0,soccer,international,tournament,1
m695,2024-09-21,Japan,France,4,1,soccer,international,qualifier,0
m696,2024-09-22,Japan,Spain,4,4,soccer,international,qualifier,0
m697,2024-09-23,Japan,South Korea,2,4,soccer,international,friendly,0
m698,2024-09-24,Japan,Mexico,0,2,soccer,international,league,0
m699,2024-09-25,Brazil,Croatia,4,0,soccer,international,tournament,1
m700,2024-09-26,Brazil,Iran,1,1,soccer,international,qualifier,0
m701,2024-09-26,Brazil,Nigeria,6,3,soccer,international,qualifier,0
m702,2024-09-27,Brazil,France,5,4,soccer,international,friendly,0
m703,2024-09-28,Brazil,Spain,2,2,soccer,international,league,0
m704,2024-09-29,Brazil,South Korea,1,3,soccer,international,tournament,1
m705,2024-09-30,Brazil,Mexico,3,0,soccer,international,qualifier,0
m706,2024-10-01,Croatia,Iran,1,1,soccer,international,qualifier,0
m707,2024-10-02,Croatia,Nigeria,0,2,soccer,international,friendly,0
m708,2024-10-03,Croatia,France,2,4,soccer,international,league,0
m709,2024-10-04,Croatia,Spain,1,2,soccer,international,tournament,1
m710,2024-10-05,Croatia,South Korea,5,2,soccer,international,qualifier,0
m711,2024-10-05,Croatia,Mexico,1,2,soccer,international,qualifier,0
m712,2024-10-06,Iran,Nigeria,3,2,soccer,international,friendly,0
m713,2024-10-07,Iran,France,3,2,soccer,international,league,0
m714,2024-10-08,Iran,Spain,3,0,soccer,international,tournament,1
m715,2024-10-09,Iran,South Korea,2,1,soccer,international,qualifier,0
m716,2024-10-10,Iran,Mexico,3,2,soccer,international,qualifier,0
m717,2024-10-11,Nigeria,France,0,4,soccer,international,friendly,0
m718,2024-10-12,Nigeria,Spain,0,1,soccer,international,league,0
m719,2024-10-13,Nigeria,South Korea,2,2,soccer,international,tournament,1
m720,2024-10-14,Nigeria,Mexico,0,2,soccer,international,qualifier,0
m721,2024-10-14,France,Spain,1,1,soccer,international,qualifier,0
m722,2024-10-15,France,South Korea,1,1,soccer,international,friendly,0
m723,2024-10-16,France,Mexico,6,1,soccer,international,league,0
m724,2024-10-17,Spain,South Korea,1,0,soccer,international,tournament,1
m725,2024-10-18,Spain,Mexico,2,1,soccer,international,qualifier,0
m726,2024-10-19,South Korea,Mexico,3,2,soccer,international,qualifier,0
m727,2024-10-20,Iran,Brazil,0,6,soccer,international,friendly,0
m728,2024-10-21,Iran,Nigeria,3,0,soccer,international,league,0
m729,2024-10-22,Iran,Argentina,0,2,soccer,international,tournament,1
m730,2024-10-23,Iran,Spain,5,5,soccer,international,qualifier,0
m731,2024-10-23,Iran,Tunisia,3,1,soccer,international,qualifier,0
m732,2024-10-24,Iran,France,4,3,soccer,international,friendly,0
m733,2024-10-25,Iran,Croatia,3,1,soccer,international,league,0
m734,2024-10-26,Iran,Japan,1,2,soccer,international,tournament,1
m735,2024-10-27,Iran,South Korea,3,1,soccer,international,qualifier,0
m736,2024-10-28,Iran,Mexico,0,4,soccer,international,qualifier,0
m737,2024-10-29,Iran,USA,0,1,soccer,international,friendly,0
m738,2024-10-30,Brazil,Nigeria,3,0,soccer,international,league,0
m739,2024-10-31,Brazil,Argentina,3,3,soccer,international,tournament,1
m740,2024-11-01,Brazil,Spain,1,1,soccer,international,qualifier,0
m741,2024-11-01,Brazil,Tunisia,4,3,soccer,international,qualifier,0
m742,2024-11-02,Brazil,France,2,4,soccer,international,friendly,0
m743,2024-11-03,Brazil,Croatia,4,1,soccer,international,league,0
m744,2024-11-04,Brazil,Japan,1,2,soccer,international,tournament,1
m745,2024-11-05,Brazil,South Korea,3,1,soccer,international,qualifier,0
m746,2024-11-06,Brazil,Mexico,4,3,soccer,international,qualifier,0
m747,2024-11-07,Brazil,USA,4,3,soccer,international,friendly,0
m748,2024-11-08,Nigeria,Argentina,1,4,soccer,international,league,0
m749,2024-11-09,Nigeria,Spain,0,1,soccer,international,tournament,1
m750,2024-11-10,Nigeria,Tunisia,0,1,soccer,international,qualifier,0
m751,2024-11-10,Nigeria,France,1,2,soccer,international,qualifier,0
m752,2024-11-11,Nigeria,Croatia,2,2,soccer,international,friendly,0
m753,2024-11-12,Nigeria,Japan,3,3,soccer,international,league,0
m754,2024-11-13,Nigeria,South Korea,4,2,soccer,international,tournament,1
m755,2024-11-14,Nigeria,Mexico,2,3,soccer,international,qualifier,0
m756,2024-11-15,Nigeria,USA,0,1,soccer,international,qualifier,0
m757,2024-11-16,Argentina,Spain,4,3,soccer,international,friendly,0
m758,2024-11-17,Argentina,Tunisia,5,1,soccer,international,league,0
m759,2024-11-18,Argentina,France,4,3,soccer,international,tournament,1
m760,2024-11-19,Argentina,Croatia,4,2,soccer,international,qualifier,0
m761,2024-11-19,Argentina,Japan,3,2,soccer,international,qualifier,0
m762,2024-11-20,Argentina,South Korea,6,2,soccer,international,friendly,0
m763,2024-11-21,Argentina,Mexico,2,1,soccer,international,league,0
m764,2024-11-22,Argentina,USA,1,2,soccer,international,tournament,1
m765,2024-11-23,Spain,Tunisia,2,0,soccer,international,qualifier,0
m766,2024-11-24,Spain,France,2,3,soccer,international,qualifier,0
m767,2024-11-25,Spain,Croatia,4,1,soccer,international,friendly,0
m768,2024-11-26,Spain,Japan,1,0,soccer,international,league,0
m769,2024-11-27,Spain,South Korea,1,2,soccer,international,tournament,1
m770,2024-11-28,Spain,Mexico,3,3,soccer,international,qualifier,0
m771,2024-11-28,Spain,USA,2,0,soccer,international,qualifier,0
m772,2024-11-29,Tunisia,France,2,3,soccer,international,friendly,0
m773,2024-11-30,Tunisia,Croatia,0,3,soccer,international,league,0
m774,2024-12-01,Tunisia,Japan,2,1,soccer,international,tournament,1
m775,2024-12-02,Tunisia,South Korea,2,2,soccer,international,qualifier,0
m776,2024-12-03,Tunisia,Mexico,1,3,soccer,international,qualifier,0
m777,2024-12-04,Tunisia,USA,2,2,soccer,international,friendly,0
m778,2024-12-05,France,Croatia,4,1,soccer,international,league,0
m779,2024-12-06,France,Japan,2,3,soccer,international,tournament,1
m780,2024-12-07,France,South Korea,3,2,soccer,international,qualifier,0
m781,2024-12-07,France,Mexico,0,1,soccer,international,qualifier,0
m782,2024-12-08,France,USA,2,4,soccer,international,friendly,0
m783,2024-12-09,Croatia,Japan,2,2,soccer,international,league,0
m784,2024-12-10,Croatia,South Korea,0,3,soccer,international,tournament,1
m785,2024-12-11,Croatia,Mexico,0,2,soccer,international,qualifier,0
m786,2024-12-12,Croatia,USA,2,2,soccer,international,qualifier,0
m787,2024-12-13,Japan,South Korea,0,2,soccer,international,friendly,0
m788,2024-12-14,Japan,Mexico,2,7,soccer,international,league,0
m789,2024-12-15,Japan,USA,2,1,soccer,international,tournament,1
m790,2024-12-16,South Korea,Mexico,2,1,soccer,international,qualifier,0
m791,2024-12-16,South Korea,USA,1,0,soccer,international,qualifier,0
m792,2024-12-17,Mexico,USA,1,0,soccer,international,friendly,0
m793,2024-12-18,South Korea,Croatia,6,2,soccer,international,league,0
m794,2024-12-19,South Korea,Tunisia,0,2,soccer,international,tournament,1
m795,2024-12-20,South Korea,USA,1,0,soccer,international,qualifier,0
m796,2024-12-21,South Korea,France,2,3,soccer,international,qualifier,0
m797,2024-12-22,South Korea,Spain,3,1,soccer,international,friendly,0
m798,2024-12-23,South Korea,Iran,1,2,soccer,international,league,0
m799,2024-12-24,South Korea,Brazil,1,0,soccer,international,tournament,1
m800,2024-12-25,South Korea,Japan,0,3,soccer,international,qualifier,0
m801,2024-12-25,South Korea,Mexico,1,1,soccer,international,qualifier,0
m802,2024-12-26,South Korea,Nigeria,1,1,soccer,international,friendly,0
m803,2024-12-27,South Korea,Argentina,0,3,soccer,international,league,0
m804,2024-12-28,Croatia,Tunisia,3,0,soccer,international,tournament,1
m805,2024-12-29,Croatia,USA,1,0,soccer,international,qualifier,0
m806,2024-12-30,Croatia,France,3,1,soccer,international,qualifier,0
m807,2024-12-31,Croatia,Spain,2,1,soccer,international,friendly,0
m808,2025-01-01,Croatia,Iran,2,2,soccer,international,league,0
m809,2025-01-02,Croatia,Brazil,4,4,soccer,international,tournament,1
m810,2025-01-03,Croatia,Japan,0,0,soccer,international,qualifier,0
m811,2025-01-03,Croatia,Mexico,1,1,soccer,international,qualifier,0
m812,2025-01-04,Croatia,Nigeria,7,1,soccer,international,friendly,0
m813,2025-01-05,Croatia,Argentina,5,2,soccer,international,league,0
m814,2025-01-06,Tunisia,USA,4,1,soccer,international,tournament,1
m815,2025-01-07,Tunisia,France,0,2,soccer,international,qualifier,0
m816,2025-01-08,Tunisia,Spain,1,3,soccer,international,qualifier,0
m817,2025-01-09,Tunisia,Iran,0,0,soccer,international,friendly,0
m818,2025-01-10,Tunisia,Brazil,3,2,soccer,international,league,0
m819,2025-01-11,Tunisia,Japan,1,3,soccer,international,tournament,1
m820,2025-01-12,Tunisia,Mexico,4,3,soccer,international,qualifier,0
m821,2025-01-12,Tunisia,Nigeria,4,1,soccer,international,qualifier,0
m822,2025-01-13,Tunisia,Argentina,2,2,soccer,international,friendly,0
m823,2025-01-14,USA,France,2,1,soccer,international,league,0
m824,2025-01-15,USA,Spain,2,4,soccer,international,tournament,1
m825,2025-01-16,USA,Iran,0,2,soccer,international,qualifier,0
m826,2025-01-17,USA,Brazil,1,3,soccer,international,qualifier,0
m827,2025-01-18,USA,Japan,1,0,soccer,international,friendly,0
m828,2025-01-19,USA,Mexico,5,3,soccer,international,league,0
m829,2025-01-20,USA,Nigeria,3,2,soccer,international,tournament,1
m830,2025-01-21,USA,Argentina,1,2,soccer,international,qualifier,0
m831,2025-01-21,France,Spain,2,3,soccer,international,qualifier,0
m832,2025-01-22,France,Iran,4,0,soccer,international,friendly,0
m833,2025-01-23,France,Brazil,1,3,soccer,international,league,0
m834,2025-01-24,France,Japan,4,2,soccer,international,tournament,1
m835,2025-01-25,France,Mexico,4,3,soccer,international,qualifier,0
m836,2025-01-26,France,Nigeria,5,0,soccer,international,qualifier,0
m837,2025-01-27,France,Argentina,2,2,soccer,international,friendly,0
m838,2025-01-28,Spain,Iran,2,1,soccer,international,league,0
m839,2025-01-29,Spain,Brazil,2,4,soccer,international,tournament,1
m840,2025-01-30,Spain,Japan,0,2,soccer,international,qualifier,0
m841,2025-01-30,Spain,Mexico,2,1,soccer,international,qualifier,0
m842,2025-01-31,Spain,Nigeria,3,2,soccer,international,friendly,0
m843,2025-02-01,Spain,Argentina,0,0,soccer,international,league,0
m844,2025-02-02,Iran,Brazil,1,2,soccer,international,tournament,1
m845,2025-02-03,Iran,Japan,1,2,soccer,international,qualifier,0
m846,2025-02-04,Iran,Mexico,2,3,soccer,international,qualifier,0
m847,2025-02-05,Iran,Nigeria,5,1,soccer,international,friendly,0
m848,2025-02-06,Iran,Argentina,1,4,soccer,international,league,0
m849,2025-02-07,Brazil,Japan,1,2,soccer,international,tournament,1
m850,2025-02-08,Brazil,Mexico,3,1,soccer,international,qualifier,0
m851,2025-02-08,Brazil,Nigeria,9,0,soccer,international,qualifier,0
m852,2025-02-09,Brazil,Argentina,1,0,soccer,international,friendly,0
m853,2025-02-10,Japan,Mexico,2,1,soccer,international,league,0
m854,2025-02-11,Japan,Nigeria,0,0,soccer,international,tournament,1
m855,2025-02-12,Japan,Argentina,2,3,soccer,international,qualifier,0
m856,2025-02-13,Mexico,Nigeria,2,1,soccer,international,qualifier,0
m857,2025-02-14,Mexico,Argentina,1,2,soccer,international,friendly,0
m858,2025-02-15,Nigeria,Argentina,1,2,soccer,international,league,0
m859,2025-02-16,South Korea,France,0,3,soccer,international,tournament,1
m860,2025-02-17,South Korea,Brazil,3,1,soccer,international,qualifier,0
m861,2025-02-17,South Korea,Nigeria,1,1,soccer,international,qualifier,0
m862,2025-02-18,South Korea,Spain,1,3,soccer,international,friendly,0
m863,2025-02-19,South Korea,Croatia,5,3,soccer,international,league,0
m864,2025-02-20,South Korea,Japan,1,2,soccer,international,tournament,1
m865,2025-02-21,South Korea,USA,5,1,soccer,international,qualifier,0
m866,2025-02-22,South Korea,Tunisia,1,0,soccer,international,qualifier,0
m867,2025-02-23,South Korea,Iran,4,1,soccer,international,friendly,0
m868,2025-02-24,South Korea,Argentina,1,3,soccer,international,league,0
m869,2025-02-25,South Korea,Mexico,1,3,soccer,international,tournament,1
m870,2025-02-26,France,Brazil,3,0,soccer,international,qualifier,0
m871,2025-02-26,France,Nigeria,4,2,soccer,international,qualifier,0
m872,2025-02-27,France,Spain,4,3,soccer,international,friendly,0
m873,2025-02-28,France,Croatia,2,2,soccer,international,league,0
m874,2025-03-01,France,Japan,4,1,soccer,international,tournament,1
m875,2025-03-02,France,USA,2,1,soccer,international,qualifier,0
m876,2025-03-03,France,Tunisia,1,2,soccer,international,qualifier,0
m877,2025-03-04,France,Iran,2,1,soccer,international,friendly,0
m878,2025-03-05,France,Argentina,1,1,soccer,international,league,0
m879,2025-03-06,France,Mexico,0,3,soccer,international,tournament,1
m880,2025-03-07,Brazil,Nigeria,2,2,soccer,international,qualifier,0
m881,2025-03-07,Brazil,Spain,1,2,soccer,international,qualifier,0
m882,2025-03-08,Brazil,Croatia,4,1,soccer,international,friendly,0
m883,2025-03-09,Brazil,Japan,5,0,soccer,international,league,0
m884,2025-03-10,Brazil,USA,3,2,soccer,international,tournament,1
m885,2025-03-11,Brazil,Tunisia,3,0,soccer,international,qualifier,0
m886,2025-03-12,Brazil,Iran,2,0,soccer,international,qualifier,0
m887,2025-03-13,Brazil,Argentina,2,4,soccer,international,friendly,0
m888,2025-03-14,Brazil,Mexico,2,0,soccer,international,league,0
m889,2025-03-15,Nigeria,Spain,5,2,soccer,international,tournament,1
m890,2025-03-16,Nigeria,Croatia,5,1,soccer,international,qualifier,0
m891,2025-03-16,Nigeria,Japan,1,0,soccer,international,qualifier,0
m892,2025-03-17,Nigeria,USA,3,4,soccer,international,friendly,0
m893,2025-03-18,Nigeria,Tunisia,2,1,soccer,international,league,0
m894,2025-03-19,Nigeria,Iran,0,1,soccer,international,tournament,1
m895,2025-03-20,Nigeria,Argentina,2,3,soccer,international,qualifier,0
m896,2025-03-21,Nigeria,Mexico,1,1,soccer,international,qualifier,0
m897,2025-03-22,Spain,Croatia,5,2,soccer,international,friendly,0
m898,2025-03-23,Spain,Japan,2,0,soccer,international,league,0
m899,2025-03-24,Spain,USA,8,0,soccer,international,tournament,1
m900,2025-03-25,Spain,Tunisia,5,1,soccer,international,qualifier,0
m901,2025-03-25,Spain,Iran,4,0,soccer,international,qualifier,0
m902,2025-03-26,Spain,Argentina,1,1,soccer,international,friendly,0
m903,2025-03-27,Spain,Mexico,1,1,soccer,international,league,0
m904,2025-03-28,Croatia,Japan,1,2,soccer,international,tournament,1
m905,2025-03-29,Croatia,USA,4,0,soccer,international,qualifier,0
m906,2025-03-30,Croatia,Tunisia,0,2,soccer,international,qualifier,0
m907,2025-03-31,Croatia,Iran,2,2,soccer,international,friendly,0
m908,2025-04-01,Croatia,Argentina,6,1,soccer,international,league,0
m909,2025-04-02,Croatia,Mexico,3,0,soccer,international,tournament,1
m910,2025-04-03,Japan,USA,0,6,soccer,international,qualifier,0
m911,2025-04-03,Japan,Tunisia,1,1,soccer,international,qualifier,0
m912,2025-04-04,Japan,Iran,0,0,soccer,international,friendly,0
m913,2025-04-05,Japan,Argentina,1,4,soccer,international,league,0
m914,2025-04-06,Japan,Mexico,3,0,soccer,international,tournament,1
m915,2025-04-07,USA,Tunisia,3,2,soccer,international,qualifier,0
m916,2025-04-08,USA,Iran,3,1,soccer,international,qualifier,0
m917,2025-04-09,USA,Argentina,2,4,soccer,international,friendly,0
m918,2025-04-10,USA,Mexico,2,2,soccer,international,league,0
m919,2025-04-11,Tunisia,Iran,0,0,soccer,international,tournament,1
m920,2025-04-12,Tunisia,Argentina,1,3,soccer,international,qualifier,0
m921,2025-04-12,Tunisia,Mexico,3,4,soccer,international,qualifier,0
m922,2025-04-13,Iran,Argentina,2,4,soccer,international,friendly,0
m923,2025-04-14,Iran,Mexico,1,0,soccer,international,league,0
m924,2025-04-15,Argentina,Mexico,5,1,soccer,international,tournament,1
