fixture_id,game_date,team,opponent,sport,league,competition_type,player_name,status,injury_type,position,importance_score,expected_minutes_or_role,last_updated,return_estimate,source,notes
soccer_international_2026-06-20_ecuador_curacao_fifa_world_cup,2026-06-20,Curaçao,Ecuador,soccer,international,FIFA World Cup,,unknown,,,,unknown,2026-06-20,,manual,
soccer_international_2026-06-20_ecuador_curacao_fifa_world_cup,2026-06-20,Ecuador,Curaçao,soccer,international,FIFA World Cup,,unknown,,,,unknown,2026-06-20,,manual,
soccer_international_2026-06-20_germany_ivory_coast_fifa_world_cup,2026-06-20,Germany,Ivory Coast,soccer,international,FIFA World Cup,,unknown,,,,unknown,2026-06-20,,manual,
soccer_international_2026-06-20_germany_ivory_coast_fifa_world_cup,2026-06-20,Ivory Coast,Germany,soccer,international,FIFA World Cup,,unknown,,,,unknown,2026-06-20,,manual,
soccer_international_2026-06-20_netherlands_sweden_fifa_world_cup,2026-06-20,Netherlands,Sweden,soccer,international,FIFA World Cup,,unknown,,,,unknown,2026-06-20,,manual,
soccer_international_2026-06-20_netherlands_sweden_fifa_world_cup,2026-06-20,Sweden,Netherlands,soccer,international,FIFA World Cup,,unknown,,,,unknown,2026-06-20,,manual,
soccer_international_2026-06-20_tunisia_japan_fifa_world_cup,2026-06-20,Japan,Tunisia,soccer,international,FIFA World Cup,,unknown,,,,unknown,2026-06-20,,manual,
soccer_international_2026-06-20_tunisia_japan_fifa_world_cup,2026-06-20,Tunisia,Japan,soccer,international,FIFA World Cup,,unknown,,,,unknown,2026-06-20,,manual,
soccer_international_2026-06-21_belgium_iran_fifa_world_cup,2026-06-21,Belgium,Iran,soccer,international,FIFA World Cup,,unknown,,,,unknown,2026-06-20,,manual,
soccer_international_2026-06-21_belgium_iran_fifa_world_cup,2026-06-21,Iran,Belgium,soccer,international,FIFA World Cup,,unknown,,,,unknown,2026-06-20,,manual,
soccer_international_2026-06-21_new_zealand_egypt_fifa_world_cup,2026-06-21,Egypt,New Zealand,soccer,international,FIFA World Cup,,unknown,,,,unknown,2026-06-20,,manual,
soccer_international_2026-06-21_new_zealand_egypt_fifa_world_cup,2026-06-21,New Zealand,Egypt,soccer,international,FIFA World Cup,,unknown,,,,unknown,2026-06-20,,manual,
soccer_international_2026-06-21_spain_saudi_arabia_fifa_world_cup,2026-06-21,Saudi Arabia,Spain,soccer,international,FIFA World Cup,,unknown,,,,unknown,2026-06-20,,manual,
soccer_international_2026-06-21_spain_saudi_arabia_fifa_world_cup,2026-06-21,Spain,Saudi Arabia,soccer,international,FIFA World Cup,,unknown,,,,unknown,2026-06-20,,manual,
soccer_international_2026-06-21_uruguay_cape_verde_fifa_world_cup,2026-06-21,Cape Verde,Uruguay,soccer,international,FIFA World Cup,,unknown,,,,unknown,2026-06-20,,manual,
soccer_international_2026-06-21_uruguay_cape_verde_fifa_world_cup,2026-06-21,Uruguay,Cape Verde,soccer,international,FIFA World Cup,,unknown,,,,unknown,2026-06-20,,manual,
soccer_international_2026-06-22_argentina_austria_fifa_world_cup,2026-06-22,Argentina,Austria,soccer,international,FIFA World Cup,,unknown,,,,unknown,2026-06-20,,manual,
soccer_international_2026-06-22_argentina_austria_fifa_world_cup,2026-06-22,Austria,Argentina,soccer,international,FIFA World Cup,,unknown,,,,unknown,2026-06-20,,manual,
soccer_international_2026-06-22_france_iraq_fifa_world_cup,2026-06-22,France,Iraq,soccer,international,FIFA World Cup,,unknown,,,,unknown,2026-06-20,,manual,
soccer_international_2026-06-22_france_iraq_fifa_world_cup,2026-06-22,Iraq,France,soccer,international,FIFA World Cup,,unknown,,,,unknown,2026-06-20,,manual,
soccer_international_2026-06-22_jordan_algeria_fifa_world_cup,2026-06-22,Algeria,Jordan,soccer,international,FIFA World Cup,,unknown,,,,unknown,2026-06-20,,manual,
soccer_international_2026-06-22_jordan_algeria_fifa_world_cup,2026-06-22,Jordan,Algeria,soccer,international,FIFA World Cup,,unknown,,,,unknown,2026-06-20,,manual,
soccer_international_2026-06-22_norway_senegal_fifa_world_cup,2026-06-22,Norway,Senegal,soccer,international,FIFA World Cup,,unknown,,,,unknown,2026-06-20,,manual,
soccer_international_2026-06-22_norway_senegal_fifa_world_cup,2026-06-22,Senegal,Norway,soccer,international,FIFA World Cup,,unknown,,,,unknown,2026-06-20,,manual,
soccer_international_2026-06-23_colombia_dr_congo_fifa_world_cup,2026-06-23,Colombia,DR Congo,soccer,international,FIFA World Cup,,unknown,,,,unknown,2026-06-20,,manual,
soccer_international_2026-06-23_colombia_dr_congo_fifa_world_cup,2026-06-23,DR Congo,Colombia,soccer,international,FIFA World Cup,,unknown,,,,unknown,2026-06-20,,manual,
soccer_international_2026-06-23_england_ghana_fifa_world_cup,2026-06-23,England,Ghana,soccer,international,FIFA World Cup,,unknown,,,,unknown,2026-06-20,,manual,
soccer_international_2026-06-23_england_ghana_fifa_world_cup,2026-06-23,Ghana,England,soccer,international,FIFA World Cup,,unknown,,,,unknown,2026-06-20,,manual,
soccer_international_2026-06-23_panama_croatia_fifa_world_cup,2026-06-23,Croatia,Panama,soccer,international,FIFA World Cup,,unknown,,,,unknown,2026-06-20,,manual,
soccer_international_2026-06-23_panama_croatia_fifa_world_cup,2026-06-23,Panama,Croatia,soccer,international,FIFA World Cup,,unknown,,,,unknown,2026-06-20,,manual,
soccer_international_2026-06-23_portugal_uzbekistan_fifa_world_cup,2026-06-23,Portugal,Uzbekistan,soccer,international,FIFA World Cup,,unknown,,,,unknown,2026-06-20,,manual,
soccer_international_2026-06-23_portugal_uzbekistan_fifa_world_cup,2026-06-23,Uzbekistan,Portugal,soccer,international,FIFA World Cup,,unknown,,,,unknown,2026-06-20,,manual,
soccer_international_2026-06-24_bosnia_and_herzegovina_qatar_fifa_world_cup,2026-06-24,Bosnia and Herzegovina,Qatar,soccer,international,FIFA World Cup,,unknown,,,,unknown,2026-06-20,,manual,
soccer_international_2026-06-24_bosnia_and_herzegovina_qatar_fifa_world_cup,2026-06-24,Qatar,Bosnia and Herzegovina,soccer,international,FIFA World Cup,,unknown,,,,unknown,2026-06-20,,manual,
soccer_international_2026-06-24_canada_switzerland_fifa_world_cup,2026-06-24,Canada,Switzerland,soccer,international,FIFA World Cup,,unknown,,,,unknown,2026-06-20,,manual,
soccer_international_2026-06-24_canada_switzerland_fifa_world_cup,2026-06-24,Switzerland,Canada,soccer,international,FIFA World Cup,,unknown,,,,unknown,2026-06-20,,manual,
soccer_international_2026-06-24_mexico_czechia_fifa_world_cup,2026-06-24,Czechia,Mexico,soccer,international,FIFA World Cup,,unknown,,,,unknown,2026-06-20,,manual,
soccer_international_2026-06-24_mexico_czechia_fifa_world_cup,2026-06-24,Mexico,Czechia,soccer,international,FIFA World Cup,,unknown,,,,unknown,2026-06-20,,manual,
soccer_international_2026-06-24_morocco_haiti_fifa_world_cup,2026-06-24,Haiti,Morocco,soccer,international,FIFA World Cup,,unknown,,,,unknown,2026-06-20,,manual,
soccer_international_2026-06-24_morocco_haiti_fifa_world_cup,2026-06-24,Morocco,Haiti,soccer,international,FIFA World Cup,,unknown,,,,unknown,2026-06-20,,manual,
soccer_international_2026-06-24_scotland_brazil_fifa_world_cup,2026-06-24,Brazil,Scotland,soccer,international,FIFA World Cup,,unknown,,,,unknown,2026-06-20,,manual,
soccer_international_2026-06-24_scotland_brazil_fifa_world_cup,2026-06-24,Scotland,Brazil,soccer,international,FIFA World Cup,,unknown,,,,unknown,2026-06-20,,manual,
soccer_international_2026-06-24_south_africa_south_korea_fifa_world_cup,2026-06-24,South Africa,South Korea,soccer,international,FIFA World Cup,,unknown,,,,unknown,2026-06-20,,manual,
soccer_international_2026-06-24_south_africa_south_korea_fifa_world_cup,2026-06-24,South Korea,South Africa,soccer,international,FIFA World Cup,,unknown,,,,unknown,2026-06-20,,manual,
soccer_international_2026-06-25_curacao_ivory_coast_fifa_world_cup,2026-06-25,Curaçao,Ivory Coast,soccer,international,FIFA World Cup,,unknown,,,,unknown,2026-06-20,,manual,
soccer_international_2026-06-25_curacao_ivory_coast_fifa_world_cup,2026-06-25,Ivory Coast,Curaçao,soccer,international,FIFA World Cup,,unknown,,,,unknown,2026-06-20,,manual,
soccer_international_2026-06-25_ecuador_germany_fifa_world_cup,2026-06-25,Ecuador,Germany,soccer,international,FIFA World Cup,,unknown,,,,unknown,2026-06-20,,manual,
soccer_international_2026-06-25_ecuador_germany_fifa_world_cup,2026-06-25,Germany,Ecuador,soccer,international,FIFA World Cup,,unknown,,,,unknown,2026-06-20,,manual,
soccer_international_2026-06-25_japan_sweden_fifa_world_cup,2026-06-25,Japan,Sweden,soccer,international,FIFA World Cup,,unknown,,,,unknown,2026-06-20,,manual,
soccer_international_2026-06-25_japan_sweden_fifa_world_cup,2026-06-25,Sweden,Japan,soccer,international,FIFA World Cup,,unknown,,,,unknown,2026-06-20,,manual,
soccer_international_2026-06-25_paraguay_australia_fifa_world_cup,2026-06-25,Australia,Paraguay,soccer,international,FIFA World Cup,,unknown,,,,unknown,2026-06-20,,manual,
soccer_international_2026-06-25_paraguay_australia_fifa_world_cup,2026-06-25,Paraguay,Australia,soccer,international,FIFA World Cup,,unknown,,,,unknown,2026-06-20,,manual,
soccer_international_2026-06-25_tunisia_netherlands_fifa_world_cup,2026-06-25,Netherlands,Tunisia,soccer,international,FIFA World Cup,,unknown,,,,unknown,2026-06-20,,manual,
soccer_international_2026-06-25_tunisia_netherlands_fifa_world_cup,2026-06-25,Tunisia,Netherlands,soccer,international,FIFA World Cup,,unknown,,,,unknown,2026-06-20,,manual,
soccer_international_2026-06-25_united_states_turkey_fifa_world_cup,2026-06-25,Turkey,United States,soccer,international,FIFA World Cup,,unknown,,,,unknown,2026-06-20,,manual,
soccer_international_2026-06-25_united_states_turkey_fifa_world_cup,2026-06-25,United States,Turkey,soccer,international,FIFA World Cup,,unknown,,,,unknown,2026-06-20,,manual,
soccer_international_2026-06-26_cape_verde_saudi_arabia_fifa_world_cup,2026-06-26,Cape Verde,Saudi Arabia,soccer,international,FIFA World Cup,,unknown,,,,unknown,2026-06-20,,manual,
soccer_international_2026-06-26_cape_verde_saudi_arabia_fifa_world_cup,2026-06-26,Saudi Arabia,Cape Verde,soccer,international,FIFA World Cup,,unknown,,,,unknown,2026-06-20,,manual,
soccer_international_2026-06-26_egypt_iran_fifa_world_cup,2026-06-26,Egypt,Iran,soccer,international,FIFA World Cup,,unknown,,,,unknown,2026-06-20,,manual,
soccer_international_2026-06-26_egypt_iran_fifa_world_cup,2026-06-26,Iran,Egypt,soccer,international,FIFA World Cup,,unknown,,,,unknown,2026-06-20,,manual,
soccer_international_2026-06-26_new_zealand_belgium_fifa_world_cup,2026-06-26,Belgium,New Zealand,soccer,international,FIFA World Cup,,unknown,,,,unknown,2026-06-20,,manual,
soccer_international_2026-06-26_new_zealand_belgium_fifa_world_cup,2026-06-26,New Zealand,Belgium,soccer,international,FIFA World Cup,,unknown,,,,unknown,2026-06-20,,manual,
soccer_international_2026-06-26_norway_france_fifa_world_cup,2026-06-26,France,Norway,soccer,international,FIFA World Cup,,unknown,,,,unknown,2026-06-20,,manual,
soccer_international_2026-06-26_norway_france_fifa_world_cup,2026-06-26,Norway,France,soccer,international,FIFA World Cup,,unknown,,,,unknown,2026-06-20,,manual,
soccer_international_2026-06-26_senegal_iraq_fifa_world_cup,2026-06-26,Iraq,Senegal,soccer,international,FIFA World Cup,,unknown,,,,unknown,2026-06-20,,manual,
soccer_international_2026-06-26_senegal_iraq_fifa_world_cup,2026-06-26,Senegal,Iraq,soccer,international,FIFA World Cup,,unknown,,,,unknown,2026-06-20,,manual,
soccer_international_2026-06-26_uruguay_spain_fifa_world_cup,2026-06-26,Spain,Uruguay,soccer,international,FIFA World Cup,,unknown,,,,unknown,2026-06-20,,manual,
soccer_international_2026-06-26_uruguay_spain_fifa_world_cup,2026-06-26,Uruguay,Spain,soccer,international,FIFA World Cup,,unknown,,,,unknown,2026-06-20,,manual,
soccer_international_2026-06-27_algeria_austria_fifa_world_cup,2026-06-27,Algeria,Austria,soccer,international,FIFA World Cup,,unknown,,,,unknown,2026-06-20,,manual,
soccer_international_2026-06-27_algeria_austria_fifa_world_cup,2026-06-27,Austria,Algeria,soccer,international,FIFA World Cup,,unknown,,,,unknown,2026-06-20,,manual,
soccer_international_2026-06-27_colombia_portugal_fifa_world_cup,2026-06-27,Colombia,Portugal,soccer,international,FIFA World Cup,,unknown,,,,unknown,2026-06-20,,manual,
soccer_international_2026-06-27_colombia_portugal_fifa_world_cup,2026-06-27,Portugal,Colombia,soccer,international,FIFA World Cup,,unknown,,,,unknown,2026-06-20,,manual,
soccer_international_2026-06-27_croatia_ghana_fifa_world_cup,2026-06-27,Croatia,Ghana,soccer,international,FIFA World Cup,,unknown,,,,unknown,2026-06-20,,manual,
soccer_international_2026-06-27_croatia_ghana_fifa_world_cup,2026-06-27,Ghana,Croatia,soccer,international,FIFA World Cup,,unknown,,,,unknown,2026-06-20,,manual,
soccer_international_2026-06-27_dr_congo_uzbekistan_fifa_world_cup,2026-06-27,DR Congo,Uzbekistan,soccer,international,FIFA World Cup,,unknown,,,,unknown,2026-06-20,,manual,
soccer_international_2026-06-27_dr_congo_uzbekistan_fifa_world_cup,2026-06-27,Uzbekistan,DR Congo,soccer,international,FIFA World Cup,,unknown,,,,unknown,2026-06-20,,manual,
soccer_international_2026-06-27_jordan_argentina_fifa_world_cup,2026-06-27,Argentina,Jordan,soccer,international,FIFA World Cup,,unknown,,,,unknown,2026-06-20,,manual,
soccer_international_2026-06-27_jordan_argentina_fifa_world_cup,2026-06-27,Jordan,Argentina,soccer,international,FIFA World Cup,,unknown,,,,unknown,2026-06-20,,manual,
soccer_international_2026-06-27_panama_england_fifa_world_cup,2026-06-27,England,Panama,soccer,international,FIFA World Cup,,unknown,,,,unknown,2026-06-20,,manual,
soccer_international_2026-06-27_panama_england_fifa_world_cup,2026-06-27,Panama,England,soccer,international,FIFA World Cup,,unknown,,,,unknown,2026-06-20,,manual,
