accuracy,brier_score,log_loss,roc_auc,calibration_error,model_name,feature_count,model_kind,avg_predicted_probability,min_predicted_probability,max_predicted_probability,"bucket_(0.5, 0.6]",fold,train_seasons,validation_season,training_games,validation_games,calibration_method,optional_fold,"bucket_(-0.001, 0.1]","bucket_(0.1, 0.2]","bucket_(0.2, 0.3]","bucket_(0.3, 0.4]","bucket_(0.4, 0.5]","bucket_(0.6, 0.7]","bucket_(0.7, 0.8]","bucket_(0.8, 0.9]","bucket_(0.9, 1.0]"
0.5514636449480642,0.24905052244746173,0.6913271844303279,0.5,0.04121928188120394,home_team_baseline,0,constant_home_rate,0.5926829268292682,0.5926829268292683,0.5926829268292683,1059,1,2018-19,2019-20,1230,1059,uncalibrated,False,,,,,,,,,
0.6657223796033994,0.2109289495851126,0.6115090174373707,0.7234516943042538,0.038252113752206766,sportsbook_benchmark,0,benchmark_only,0.5680894199713428,0.096045197740113,0.9400705052878965,161,1,2018-19,2019-20,1230,1059,uncalibrated,False,1.0,31.0,97.0,130.0,148.0,156.0,185.0,131.0,19.0
0.6288951841359773,0.2304759564980783,0.6543046010196952,0.6655443403028118,0.0583434769658765,elo_only,3,logistic_l2,0.5866683964487132,0.09848153043512294,0.9458690669044193,163,1,2018-19,2019-20,1230,1059,uncalibrated,False,1.0,34.0,72.0,107.0,128.0,196.0,208.0,131.0,19.0
0.6185080264400378,0.23919390981250124,0.7262526978132546,0.6387418889689979,0.057493469654944306,team_only_logistic,12,logistic_l2,0.5993783341680746,1e-06,0.999999,208,1,2018-19,2019-20,1230,1059,uncalibrated,False,2.0,10.0,49.0,105.0,133.0,227.0,175.0,110.0,40.0
0.6213408876298395,0.2381914929286942,0.724425148518033,0.6427613554434031,0.06080483282899766,team_plus_selected_player_logistic,24,logistic_l2,0.5990423213150565,1e-06,0.999999,198,1,2018-19,2019-20,1230,1059,uncalibrated,False,2.0,11.0,49.0,91.0,169.0,210.0,182.0,111.0,36.0
0.6203966005665722,0.2288936143675612,0.6493506718450172,0.6672025955299208,0.04246477420367851,team_plus_selected_player_random_forest,24,random_forest,0.5916128278426562,0.3036842949398743,0.8307875057360881,259,1,2018-19,2019-20,1230,1059,uncalibrated,False,,,,65.0,212.0,283.0,230.0,10.0,
0.6288951841359773,0.22713683048788524,0.6459327332105699,0.6709030281182408,0.035923343833088206,team_plus_selected_player_gradient_boosting,24,gradient_boosting,0.5873869887811525,0.20170445520769079,0.8541075195873215,243,1,2018-19,2019-20,1230,1059,uncalibrated,False,,,11.0,88.0,197.0,275.0,222.0,23.0,
0.6270066100094429,0.23300850319520036,0.6604684376851538,0.651831290555155,0.05301602796859849,team_plus_selected_player_xgboost,24,xgboost,0.5957272170961072,0.16190288960933685,0.9129188656806946,197,1,2018-19,2019-20,1230,1059,uncalibrated,False,,1.0,37.0,101.0,177.0,221.0,230.0,93.0,2.0
0.5435185185185185,0.2490118122333023,0.6911961798438666,0.5,0.03009441289257797,home_team_baseline,0,constant_home_rate,0.5736129314110965,0.5736129314110966,0.5736129314110966,1080,2,"2018-19, 2019-20",2020-21,2289,1080,uncalibrated,False,,,,,,,,,
0.6564814814814814,0.21459934275771206,0.6164871825343272,0.7122837268608907,0.03289307265280132,sportsbook_benchmark,0,benchmark_only,0.5376752544724182,0.08713692946058092,0.9400705052878965,157,2,"2018-19, 2019-20",2020-21,2289,1080,uncalibrated,False,2.0,50.0,90.0,152.0,183.0,185.0,151.0,95.0,15.0
0.5675925925925925,0.2483156135067461,0.6921491194980636,0.6055164120515151,0.09292240900922479,elo_only,3,logistic_l2,0.5749392495248571,0.1509080890138691,0.9084978063986381,194,2,"2018-19, 2019-20",2020-21,2289,1080,uncalibrated,False,,10.0,67.0,135.0,152.0,216.0,205.0,98.0,3.0
0.5611111111111111,0.2443379315313723,0.6828361578926487,0.6098289165869015,0.07777309172620532,team_only_logistic,12,logistic_l2,0.5158076948596572,0.10923042322129457,0.9190378922423021,238,2,"2018-19, 2019-20",2020-21,2289,1080,uncalibrated,False,,25.0,90.0,167.0,217.0,184.0,126.0,30.0,3.0
0.5814814814814815,0.24367393686511657,0.6826398769921868,0.6167434370799368,0.06458897634439671,team_plus_selected_player_logistic,24,logistic_l2,0.5221542964772812,0.04396931438496612,0.9204663313527846,209,2,"2018-19, 2019-20",2020-21,2289,1080,uncalibrated,False,2.0,29.0,89.0,158.0,211.0,192.0,138.0,50.0,2.0
0.6074074074074074,0.23013662051662723,0.6514842279065379,0.6608636757881207,0.03640563203411004,team_plus_selected_player_random_forest,24,random_forest,0.5756787366108265,0.2612741760336772,0.8350180612807551,256,2,"2018-19, 2019-20",2020-21,2289,1080,uncalibrated,False,,,12.0,128.0,191.0,260.0,212.0,21.0,
0.6157407407407407,0.23173894332452324,0.6552461520158824,0.6550082760002903,0.03493104181069181,team_plus_selected_player_gradient_boosting,24,gradient_boosting,0.5739759555069228,0.2652324148546263,0.8272327493056687,230,2,"2018-19, 2019-20",2020-21,2289,1080,uncalibrated,False,,,6.0,122.0,216.0,285.0,203.0,18.0,
0.6037037037037037,0.23101642908828812,0.6538396255215277,0.6613198060755172,0.05556994715222608,team_plus_selected_player_xgboost,24,xgboost,0.5629687027798759,0.1795029640197754,0.8992355465888977,175,2,"2018-19, 2019-20",2020-21,2289,1080,uncalibrated,False,,3.0,79.0,138.0,177.0,233.0,209.0,66.0,
0.5439024390243903,0.2484751050087715,0.6901032049334415,0.5,0.020063129393537937,home_team_baseline,0,constant_home_rate,0.5639655684179282,0.5639655684179282,0.5639655684179282,1230,3,"2018-19, 2019-20, 2020-21",2021-22,3369,1230,uncalibrated,False,,,,,,,,,
0.6772357723577236,0.20880478188449986,0.6047117495950075,0.7293070509899842,0.02532177577411062,sportsbook_benchmark,0,benchmark_only,0.5658012295657895,0.07975460122699386,0.9360374414976599,196,3,"2018-19, 2019-20, 2020-21",2021-22,3369,1230,uncalibrated,False,1.0,46.0,92.0,148.0,175.0,224.0,182.0,146.0,20.0
0.6284552845528455,0.23009312434380338,0.6539658748317975,0.6611538758729474,0.035952109411895444,elo_only,3,logistic_l2,0.5668984570049007,0.15583974428132338,0.9251292717955323,224,3,"2018-19, 2019-20, 2020-21",2021-22,3369,1230,uncalibrated,False,,9.0,82.0,141.0,218.0,240.0,214.0,96.0,6.0
0.6065040650406504,0.23830274128698564,0.6709685697632788,0.6323536072942563,0.050482527250349095,team_only_logistic,12,logistic_l2,0.5164687289983582,0.1115327027089452,0.902035124615645,258,3,"2018-19, 2019-20, 2020-21",2021-22,3369,1230,uncalibrated,False,,13.0,112.0,191.0,255.0,220.0,140.0,39.0,2.0
0.6016260162601627,0.23690472936311732,0.6682973349850163,0.6371176816969484,0.05129341123684903,team_plus_selected_player_logistic,24,logistic_l2,0.5249216171607303,0.11415472841224263,0.915574340762383,233,3,"2018-19, 2019-20, 2020-21",2021-22,3369,1230,uncalibrated,False,,23.0,115.0,182.0,231.0,232.0,160.0,49.0,5.0
0.6227642276422765,0.230799353553185,0.6539372075788669,0.6539518103749177,0.024503136466632002,team_plus_selected_player_random_forest,24,random_forest,0.5684055754910222,0.2739165381633382,0.8131939300066048,264,3,"2018-19, 2019-20, 2020-21",2021-22,3369,1230,uncalibrated,False,,,12.0,153.0,250.0,304.0,228.0,19.0,
0.6235772357723577,0.23092649901911308,0.6542862958605276,0.6539931096776257,0.02637779294984295,team_plus_selected_player_gradient_boosting,24,gradient_boosting,0.5692743449182762,0.25125393147908726,0.8597218839925478,234,3,"2018-19, 2019-20, 2020-21",2021-22,3369,1230,uncalibrated,False,,,12.0,174.0,250.0,306.0,200.0,54.0,
0.6284552845528455,0.23228694299180389,0.6580435795727736,0.6522518777860377,0.03984929990719972,team_plus_selected_player_xgboost,24,xgboost,0.5616621724110309,0.2083989977836609,0.9052882194519043,240,3,"2018-19, 2019-20, 2020-21",2021-22,3369,1230,uncalibrated,False,,,73.0,160.0,227.0,240.0,195.0,94.0,1.0
0.6009036144578314,0.2416080821412601,0.67630175649122,0.5,0.04230391887183438,home_team_baseline,0,constant_home_rate,0.558599695585997,0.558599695585997,0.558599695585997,664,4,"2018-19, 2019-20, 2020-21, 2021-22",2022-23,4599,664,uncalibrated,True,,,,,,,,,
0.6385542168674698,0.2234228323296228,0.6389800873187346,0.6677637489951294,0.060669454845012356,sportsbook_benchmark,0,benchmark_only,0.567249490089525,0.10638297872340424,0.8990536277602524,109,4,"2018-19, 2019-20, 2020-21, 2021-22",2022-23,4599,664,uncalibrated,True,,6.0,36.0,89.0,111.0,144.0,107.0,62.0,
0.6340361445783133,0.2300496977768989,0.6554986359652859,0.648290537664917,0.06095435960579359,elo_only,3,logistic_l2,0.5613927488519962,0.15015440563349727,0.8967184937332984,128,4,"2018-19, 2019-20, 2020-21, 2021-22",2022-23,4599,664,uncalibrated,True,,8.0,48.0,76.0,110.0,128.0,116.0,50.0,
0.5993975903614458,0.23771669447578586,0.6692548155240222,0.6314276256679434,0.09384201134077559,team_only_logistic,12,logistic_l2,0.515227911581892,0.14962202585392423,0.919141201429694,145,4,"2018-19, 2019-20, 2020-21, 2021-22",2022-23,4599,664,uncalibrated,True,,6.0,43.0,114.0,146.0,133.0,61.0,15.0,1.0
0.6024096385542169,0.2397079036207492,0.6737665741338744,0.6326192840592046,0.09805513268704884,team_plus_selected_player_logistic,24,logistic_l2,0.5050796680277593,0.11015916590033864,0.9021230007773855,159,4,"2018-19, 2019-20, 2020-21, 2021-22",2022-23,4599,664,uncalibrated,True,,7.0,65.0,111.0,134.0,109.0,65.0,13.0,1.0
0.5978915662650602,0.2342509297053305,0.6606077348026814,0.6076701186929588,0.049222433423356395,team_plus_selected_player_random_forest,24,random_forest,0.5557580704212337,0.28586772131438987,0.7921381505560144,171,4,"2018-19, 2019-20, 2020-21, 2021-22",2022-23,4599,664,uncalibrated,True,,,1.0,58.0,165.0,205.0,64.0,,
0.5933734939759037,0.23638716840635016,0.6650742759788424,0.6000141864094197,0.045155022859627116,team_plus_selected_player_gradient_boosting,24,gradient_boosting,0.5557485915982041,0.29428750147192534,0.832701776174159,131,4,"2018-19, 2019-20, 2020-21, 2021-22",2022-23,4599,664,uncalibrated,True,,,3.0,61.0,189.0,216.0,57.0,7.0,
0.5813253012048193,0.23762304284544392,0.6677184585586536,0.6052300562727574,0.06183707191193678,team_plus_selected_player_xgboost,24,xgboost,0.541722999257316,0.19083838164806366,0.8556243777275085,162,4,"2018-19, 2019-20, 2020-21, 2021-22",2022-23,4599,664,uncalibrated,True,,1.0,16.0,99.0,145.0,164.0,56.0,21.0,
0.6203966005665722,0.2288936143675612,0.6493506718450172,0.6672025955299208,0.04246477420367853,team_plus_selected_player_random_forest_uncalibrated,24,random_forest,0.5916128278426562,0.3036842949398743,0.8307875057360881,259,1,2018-19,2019-20,1230,1059,uncalibrated,False,,,,65.0,212.0,283.0,230.0,10.0,
0.6166194523135033,0.22866847413983146,0.6490109850286239,0.6672025955299208,0.04599770492311012,team_plus_selected_player_random_forest_platt,24,random_forest,0.5925238963478076,0.23330133556683155,0.850302723632127,200,1,2018-19,2019-20,1230,1059,platt,False,,,30.0,115.0,168.0,201.0,296.0,49.0,
0.6175637393767706,0.23044275388966512,0.6683893539726314,0.6650702956020188,0.05107945977608559,team_plus_selected_player_random_forest_isotonic,24,random_forest,0.5886215156147846,1e-06,0.999999,266,1,2018-19,2019-20,1230,1059,isotonic,False,5.0,32.0,,230.0,35.0,235.0,125.0,61.0,70.0
0.6074074074074074,0.23013662051662723,0.6514842279065379,0.6608636757881207,0.036405632034110035,team_plus_selected_player_random_forest_uncalibrated,24,random_forest,0.5756787366108265,0.2612741760336772,0.8350180612807552,256,2,"2018-19, 2019-20",2020-21,2289,1080,uncalibrated,False,,,12.0,128.0,191.0,260.0,212.0,21.0,
0.6138888888888889,0.23190245597286552,0.6555724349602866,0.6608636757881207,0.06151536380126944,team_plus_selected_player_random_forest_platt,24,random_forest,0.5756518513297281,0.19174378989378513,0.8588811043960569,176,2,"2018-19, 2019-20",2020-21,2289,1080,platt,False,,2.0,79.0,133.0,160.0,178.0,282.0,70.0,
0.6148148148148148,0.23337172992851704,0.6899698580523397,0.6593207805356767,0.06165675603562617,team_plus_selected_player_random_forest_isotonic,24,random_forest,0.5755628685617578,1e-06,0.999999,128,2,"2018-19, 2019-20",2020-21,2289,1080,isotonic,False,9.0,14.0,68.0,115.0,209.0,170.0,253.0,58.0,56.0
0.6227642276422765,0.230799353553185,0.653937207578867,0.6539518103749177,0.024503136466632058,team_plus_selected_player_random_forest_uncalibrated,24,random_forest,0.5684055754910223,0.2739165381633382,0.8131939300066048,264,3,"2018-19, 2019-20, 2020-21",2021-22,3369,1230,uncalibrated,False,,,12.0,153.0,250.0,304.0,228.0,19.0,
0.6268292682926829,0.23265382563513948,0.6590437243079604,0.6539518103749177,0.05648326856889265,team_plus_selected_player_random_forest_platt,24,random_forest,0.569348501309058,0.19837333293161946,0.8502373872251542,186,3,"2018-19, 2019-20, 2020-21",2021-22,3369,1230,platt,False,,1.0,104.0,160.0,185.0,219.0,275.0,100.0,
0.6268292682926829,0.23619678489850846,0.6718256484107528,0.6540943595810386,0.07543696460611088,team_plus_selected_player_random_forest_isotonic,24,random_forest,0.570416096527498,1e-06,0.96,172,3,"2018-19, 2019-20, 2020-21",2021-22,3369,1230,isotonic,False,15.0,48.0,55.0,185.0,167.0,234.0,186.0,73.0,95.0
0.5978915662650602,0.2342509297053305,0.6606077348026815,0.6076701186929588,0.049222433423356395,team_plus_selected_player_random_forest_uncalibrated,24,random_forest,0.5557580704212337,0.2858677213143899,0.7921381505560144,171,4,"2018-19, 2019-20, 2020-21, 2021-22",2022-23,4599,664,uncalibrated,True,,,1.0,58.0,165.0,205.0,64.0,,
0.588855421686747,0.23735741866053453,0.667307028371242,0.6076701186929588,0.04872130213875701,team_plus_selected_player_random_forest_platt,24,random_forest,0.5557307198458868,0.21111222686058595,0.8337620585051624,113,4,"2018-19, 2019-20, 2020-21, 2021-22",2022-23,4599,664,platt,True,,,27.0,89.0,146.0,164.0,107.0,18.0,
0.5963855421686747,0.23774171267799726,0.6683690315737005,0.6091313188631957,0.06538980523818512,team_plus_selected_player_random_forest_isotonic,24,random_forest,0.5542728502317945,1e-06,0.95,176,4,"2018-19, 2019-20, 2020-21, 2021-22",2022-23,4599,664,isotonic,True,4.0,9.0,,139.0,48.0,175.0,61.0,46.0,6.0
