model_name,importance_type,feature,importance,signed_value
team_features_plus_selected_player_features_random_forest,tree_importance,home_recent_win_pct,0.050370885388733494,0.050370885388733494
team_features_plus_selected_player_features_random_forest,tree_importance,away_recent_win_pct,0.021780055240222904,0.021780055240222904
team_features_plus_selected_player_features_random_forest,tree_importance,recent_win_pct_diff,0.09233946054712129,0.09233946054712129
team_features_plus_selected_player_features_random_forest,tree_importance,home_recent_point_diff,0.10653826454158062,0.10653826454158062
team_features_plus_selected_player_features_random_forest,tree_importance,away_recent_point_diff,0.04486366068374477,0.04486366068374477
team_features_plus_selected_player_features_random_forest,tree_importance,recent_point_diff_diff,0.1444928162330071,0.1444928162330071
team_features_plus_selected_player_features_random_forest,tree_importance,home_rest_days,0.0031619780302711564,0.0031619780302711564
team_features_plus_selected_player_features_random_forest,tree_importance,away_rest_days,0.0074448784056613745,0.0074448784056613745
team_features_plus_selected_player_features_random_forest,tree_importance,rest_days_diff,0.006435416654039809,0.006435416654039809
team_features_plus_selected_player_features_random_forest,tree_importance,home_back_to_back,0.0008946367034114263,0.0008946367034114263
team_features_plus_selected_player_features_random_forest,tree_importance,away_back_to_back,0.005526044951414166,0.005526044951414166
team_features_plus_selected_player_features_random_forest,tree_importance,season,0.003952327796931899,0.003952327796931899
team_features_plus_selected_player_features_random_forest,tree_importance,home_expected_top5_minutes_total,0.022909223698350297,0.022909223698350297
team_features_plus_selected_player_features_random_forest,tree_importance,away_expected_top5_minutes_total,0.01362641047910985,0.01362641047910985
team_features_plus_selected_player_features_random_forest,tree_importance,home_missing_key_players_count,0.00572349291613948,0.00572349291613948
team_features_plus_selected_player_features_random_forest,tree_importance,away_missing_key_players_count,0.004740006897394801,0.004740006897394801
team_features_plus_selected_player_features_random_forest,tree_importance,home_expected_points_from_active_rotation,0.03668113663244259,0.03668113663244259
team_features_plus_selected_player_features_random_forest,tree_importance,away_expected_points_from_active_rotation,0.03147922886047599,0.03147922886047599
team_features_plus_selected_player_features_random_forest,tree_importance,home_expected_plus_minus_from_active_rotation,0.09085224708001648,0.09085224708001648
team_features_plus_selected_player_features_random_forest,tree_importance,away_expected_plus_minus_from_active_rotation,0.04320893583915668,0.04320893583915668
team_features_plus_selected_player_features_random_forest,tree_importance,expected_top5_minutes_total_diff,0.023141938396790254,0.023141938396790254
team_features_plus_selected_player_features_random_forest,tree_importance,missing_key_players_count_diff,0.008144976924580383,0.008144976924580383
team_features_plus_selected_player_features_random_forest,tree_importance,expected_points_from_active_rotation_diff,0.06331824034753838,0.06331824034753838
team_features_plus_selected_player_features_random_forest,tree_importance,expected_plus_minus_from_active_rotation_diff,0.13253894065540162,0.13253894065540162
team_features_plus_selected_player_features_random_forest,tree_importance,home_team_abbr_ATL,2.8792121908379812e-05,2.8792121908379812e-05
team_features_plus_selected_player_features_random_forest,tree_importance,home_team_abbr_BKN,1.1553331249344351e-05,1.1553331249344351e-05
team_features_plus_selected_player_features_random_forest,tree_importance,home_team_abbr_BOS,0.0001219518138569328,0.0001219518138569328
team_features_plus_selected_player_features_random_forest,tree_importance,home_team_abbr_CHA,0.00012721095473352813,0.00012721095473352813
team_features_plus_selected_player_features_random_forest,tree_importance,home_team_abbr_CHI,0.002290963557462361,0.002290963557462361
team_features_plus_selected_player_features_random_forest,tree_importance,home_team_abbr_CLE,0.005888298244723008,0.005888298244723008
team_features_plus_selected_player_features_random_forest,tree_importance,home_team_abbr_DAL,8.69125503853159e-05,8.69125503853159e-05
team_features_plus_selected_player_features_random_forest,tree_importance,home_team_abbr_DEN,0.0011893766600563774,0.0011893766600563774
team_features_plus_selected_player_features_random_forest,tree_importance,home_team_abbr_DET,0.0002521060954745164,0.0002521060954745164
team_features_plus_selected_player_features_random_forest,tree_importance,home_team_abbr_GSW,0.0,0.0
team_features_plus_selected_player_features_random_forest,tree_importance,home_team_abbr_HOU,7.980139244197753e-05,7.980139244197753e-05
team_features_plus_selected_player_features_random_forest,tree_importance,home_team_abbr_IND,0.0001607303476929928,0.0001607303476929928
team_features_plus_selected_player_features_random_forest,tree_importance,home_team_abbr_LAC,0.0006030667632089758,0.0006030667632089758
team_features_plus_selected_player_features_random_forest,tree_importance,home_team_abbr_LAL,0.00011234915225719305,0.00011234915225719305
team_features_plus_selected_player_features_random_forest,tree_importance,home_team_abbr_MEM,0.0,0.0
team_features_plus_selected_player_features_random_forest,tree_importance,home_team_abbr_MIA,0.0,0.0
team_features_plus_selected_player_features_random_forest,tree_importance,home_team_abbr_MIL,0.0035848502385245036,0.0035848502385245036
team_features_plus_selected_player_features_random_forest,tree_importance,home_team_abbr_MIN,0.0004834404310130337,0.0004834404310130337
team_features_plus_selected_player_features_random_forest,tree_importance,home_team_abbr_NOP,0.00039241197653423505,0.00039241197653423505
team_features_plus_selected_player_features_random_forest,tree_importance,home_team_abbr_NYK,0.001178777455469543,0.001178777455469543
team_features_plus_selected_player_features_random_forest,tree_importance,home_team_abbr_OKC,0.0,0.0
team_features_plus_selected_player_features_random_forest,tree_importance,home_team_abbr_ORL,0.0001070952126724891,0.0001070952126724891
team_features_plus_selected_player_features_random_forest,tree_importance,home_team_abbr_PHI,0.005304539385515924,0.005304539385515924
team_features_plus_selected_player_features_random_forest,tree_importance,home_team_abbr_PHX,0.0005394920374364099,0.0005394920374364099
team_features_plus_selected_player_features_random_forest,tree_importance,home_team_abbr_POR,9.275353994596824e-05,9.275353994596824e-05
team_features_plus_selected_player_features_random_forest,tree_importance,home_team_abbr_SAC,2.0012226730979993e-05,2.0012226730979993e-05
team_features_plus_selected_player_features_random_forest,tree_importance,home_team_abbr_SAS,0.00041974020302521783,0.00041974020302521783
team_features_plus_selected_player_features_random_forest,tree_importance,home_team_abbr_TOR,1.647838810023208e-05,1.647838810023208e-05
team_features_plus_selected_player_features_random_forest,tree_importance,home_team_abbr_UTA,0.0009794412938239267,0.0009794412938239267
team_features_plus_selected_player_features_random_forest,tree_importance,home_team_abbr_WAS,0.0003115214866343308,0.0003115214866343308
team_features_plus_selected_player_features_random_forest,tree_importance,away_team_abbr_ATL,0.00018254722863515177,0.00018254722863515177
team_features_plus_selected_player_features_random_forest,tree_importance,away_team_abbr_BKN,5.000382358344437e-06,5.000382358344437e-06
team_features_plus_selected_player_features_random_forest,tree_importance,away_team_abbr_BOS,0.00015527742630100103,0.00015527742630100103
team_features_plus_selected_player_features_random_forest,tree_importance,away_team_abbr_CHA,0.00011526418131738855,0.00011526418131738855
team_features_plus_selected_player_features_random_forest,tree_importance,away_team_abbr_CHI,0.00021893404975658105,0.00021893404975658105
team_features_plus_selected_player_features_random_forest,tree_importance,away_team_abbr_CLE,0.0035070111299349005,0.0035070111299349005
team_features_plus_selected_player_features_random_forest,tree_importance,away_team_abbr_DAL,0.00012826416843216595,0.00012826416843216595
team_features_plus_selected_player_features_random_forest,tree_importance,away_team_abbr_DEN,2.5392842843210132e-05,2.5392842843210132e-05
team_features_plus_selected_player_features_random_forest,tree_importance,away_team_abbr_DET,0.00046496959060522296,0.00046496959060522296
team_features_plus_selected_player_features_random_forest,tree_importance,away_team_abbr_GSW,8.30921090577312e-05,8.30921090577312e-05
team_features_plus_selected_player_features_random_forest,tree_importance,away_team_abbr_HOU,0.0,0.0
team_features_plus_selected_player_features_random_forest,tree_importance,away_team_abbr_IND,0.0003045602791672207,0.0003045602791672207
team_features_plus_selected_player_features_random_forest,tree_importance,away_team_abbr_LAC,0.0007100507089884067,0.0007100507089884067
team_features_plus_selected_player_features_random_forest,tree_importance,away_team_abbr_LAL,0.00031582498924007053,0.00031582498924007053
team_features_plus_selected_player_features_random_forest,tree_importance,away_team_abbr_MEM,3.050668048992496e-05,3.050668048992496e-05
team_features_plus_selected_player_features_random_forest,tree_importance,away_team_abbr_MIA,3.154360009620674e-05,3.154360009620674e-05
team_features_plus_selected_player_features_random_forest,tree_importance,away_team_abbr_MIL,0.0013729687934733626,0.0013729687934733626
team_features_plus_selected_player_features_random_forest,tree_importance,away_team_abbr_MIN,0.0006389211241424684,0.0006389211241424684
team_features_plus_selected_player_features_random_forest,tree_importance,away_team_abbr_NOP,7.256715617130286e-05,7.256715617130286e-05
team_features_plus_selected_player_features_random_forest,tree_importance,away_team_abbr_NYK,0.00037568761171660704,0.00037568761171660704
team_features_plus_selected_player_features_random_forest,tree_importance,away_team_abbr_OKC,0.00010162455045522734,0.00010162455045522734
team_features_plus_selected_player_features_random_forest,tree_importance,away_team_abbr_ORL,0.0001809847547984955,0.0001809847547984955
team_features_plus_selected_player_features_random_forest,tree_importance,away_team_abbr_PHI,0.00019804471649623732,0.00019804471649623732
team_features_plus_selected_player_features_random_forest,tree_importance,away_team_abbr_PHX,5.972847475268795e-05,5.972847475268795e-05
team_features_plus_selected_player_features_random_forest,tree_importance,away_team_abbr_POR,0.00011589269395758345,0.00011589269395758345
team_features_plus_selected_player_features_random_forest,tree_importance,away_team_abbr_SAC,0.0002472286278754801,0.0002472286278754801
team_features_plus_selected_player_features_random_forest,tree_importance,away_team_abbr_SAS,2.1648407923373628e-05,2.1648407923373628e-05
team_features_plus_selected_player_features_random_forest,tree_importance,away_team_abbr_TOR,0.0007659776463007445,0.0007659776463007445
team_features_plus_selected_player_features_random_forest,tree_importance,away_team_abbr_UTA,1.0484326923780732e-05,1.0484326923780732e-05
team_features_plus_selected_player_features_random_forest,tree_importance,away_team_abbr_WAS,0.001011130983374678,0.001011130983374678
team_features_plus_selected_player_features_random_forest,permutation_log_loss_increase,home_recent_win_pct,-0.00048513301491570626,-0.00048513301491570626
team_features_plus_selected_player_features_random_forest,permutation_log_loss_increase,away_recent_win_pct,0.00045931301831969584,0.00045931301831969584
team_features_plus_selected_player_features_random_forest,permutation_log_loss_increase,recent_win_pct_diff,0.0008044433406817486,0.0008044433406817486
team_features_plus_selected_player_features_random_forest,permutation_log_loss_increase,home_recent_point_diff,0.000994671692737259,0.000994671692737259
team_features_plus_selected_player_features_random_forest,permutation_log_loss_increase,away_recent_point_diff,0.0009050731644953958,0.0009050731644953958
team_features_plus_selected_player_features_random_forest,permutation_log_loss_increase,recent_point_diff_diff,0.007576494563850011,0.007576494563850011
team_features_plus_selected_player_features_random_forest,permutation_log_loss_increase,home_rest_days,-5.130666980157628e-08,-5.130666980157628e-08
team_features_plus_selected_player_features_random_forest,permutation_log_loss_increase,away_rest_days,0.000496584300903824,0.000496584300903824
team_features_plus_selected_player_features_random_forest,permutation_log_loss_increase,rest_days_diff,1.563527782533214e-05,1.563527782533214e-05
team_features_plus_selected_player_features_random_forest,permutation_log_loss_increase,home_back_to_back,0.00010693052565424743,0.00010693052565424743
team_features_plus_selected_player_features_random_forest,permutation_log_loss_increase,away_back_to_back,0.00022546654152755252,0.00022546654152755252
team_features_plus_selected_player_features_random_forest,permutation_log_loss_increase,season,-1.1102230246251565e-16,-1.1102230246251565e-16
team_features_plus_selected_player_features_random_forest,permutation_log_loss_increase,home_expected_top5_minutes_total,-9.931779864946755e-05,-9.931779864946755e-05
team_features_plus_selected_player_features_random_forest,permutation_log_loss_increase,away_expected_top5_minutes_total,-0.0001086283511212427,-0.0001086283511212427
team_features_plus_selected_player_features_random_forest,permutation_log_loss_increase,home_missing_key_players_count,0.00020912272395468,0.00020912272395468
team_features_plus_selected_player_features_random_forest,permutation_log_loss_increase,away_missing_key_players_count,5.710687215920718e-05,5.710687215920718e-05
team_features_plus_selected_player_features_random_forest,permutation_log_loss_increase,home_expected_points_from_active_rotation,0.00021588743441658398,0.00021588743441658398
team_features_plus_selected_player_features_random_forest,permutation_log_loss_increase,away_expected_points_from_active_rotation,-0.0005628198805208706,-0.0005628198805208706
team_features_plus_selected_player_features_random_forest,permutation_log_loss_increase,home_expected_plus_minus_from_active_rotation,0.0019359747813274542,0.0019359747813274542
team_features_plus_selected_player_features_random_forest,permutation_log_loss_increase,away_expected_plus_minus_from_active_rotation,0.0005689807168763883,0.0005689807168763883
team_features_plus_selected_player_features_random_forest,permutation_log_loss_increase,expected_top5_minutes_total_diff,2.3496551408430655e-05,2.3496551408430655e-05
team_features_plus_selected_player_features_random_forest,permutation_log_loss_increase,missing_key_players_count_diff,0.0005249969127856247,0.0005249969127856247
team_features_plus_selected_player_features_random_forest,permutation_log_loss_increase,expected_points_from_active_rotation_diff,0.0017602868302795116,0.0017602868302795116
team_features_plus_selected_player_features_random_forest,permutation_log_loss_increase,expected_plus_minus_from_active_rotation_diff,0.005549130612780506,0.005549130612780506
